Date,Temp_C,Humidity_%,Rainfall_mm,Wind_kmh,Condition
2019-01-01,19.2,64,2.9,12,Sunny
2019-01-02,19.6,74,8.3,16,Rainy
2019-01-03,19.0,79,3.1,13,Sunny
2019-01-04,20.6,68,8.3,20,Rainy
2019-01-05,19.5,66,4.7,22,Sunny
2019-01-06,21.8,68,4.7,11,Sunny
2019-01-07,21.4,62,0.0,17,Sunny
2019-01-08,21.4,66,0.0,22,Sunny
2019-01-09,21.5,76,3.5,10,Sunny
2019-01-10,21.7,74,0.0,22,Sunny
2019-01-11,22.7,80,2.2,14,Sunny
2019-01-12,19.9,68,0.0,13,Sunny
2019-01-13,19.3,80,2.2,14,Sunny
2019-01-14,22.2,78,8.3,12,Rainy
2019-01-15,21.5,70,7.2,8,Rainy
2019-01-16,19.3,64,1.2,8,Sunny
2019-01-17,19.0,80,7.6,8,Rainy
2019-01-18,22.3,78,7.5,16,Rainy
2019-01-19,22.0,60,0.0,14,Sunny
2019-01-20,20.0,65,0.0,18,Sunny
2019-01-21,19.2,72,0.0,20,Sunny
2019-01-22,21.9,68,0.0,10,Sunny
2019-01-23,20.1,73,0.0,18,Sunny
2019-01-24,20.4,73,0.0,21,Sunny
2019-01-25,21.8,72,4.3,10,Sunny
2019-01-26,20.8,70,0.0,11,Sunny
2019-01-27,21.4,72,0.0,19,Sunny
2019-01-28,21.9,63,0.0,20,Sunny
2019-01-29,21.5,79,2.9,16,Sunny
2019-01-30,21.6,80,0.0,15,Sunny
2019-01-31,22.6,70,14.0,14,Rainy
2019-02-01,20.6,70,4.0,14,Sunny
2019-02-02,20.8,74,4.2,9,Sunny
2019-02-03,21.2,77,12.1,19,Rainy
2019-02-04,22.9,63,0.0,13,Sunny
2019-02-05,19.3,75,11.7,10,Rainy
2019-02-06,23.0,67,0.0,18,Sunny
2019-02-07,19.5,71,6.1,15,Rainy
2019-02-08,21.5,61,0.0,18,Sunny
2019-02-09,20.5,79,5.3,13,Rainy
2019-02-10,19.4,80,5.3,11,Rainy
2019-02-11,22.6,80,0.0,19,Sunny
2019-02-12,22.0,60,8.6,11,Rainy
2019-02-13,20.4,73,7.9,10,Rainy
2019-02-14,21.0,77,14.3,13,Rainy
2019-02-15,20.8,79,12.4,8,Rainy
2019-02-16,22.4,76,0.0,12,Sunny
2019-02-17,20.1,63,1.6,9,Sunny
2019-02-18,22.0,66,3.1,10,Sunny
2019-02-19,21.6,63,0.0,8,Sunny
2019-02-20,20.1,79,6.1,21,Rainy
2019-02-21,21.9,60,1.5,11,Sunny
2019-02-22,19.7,66,0.0,14,Sunny
2019-02-23,22.8,73,3.8,19,Sunny
2019-02-24,22.7,79,3.3,19,Sunny
2019-02-25,21.0,73,2.6,15,Sunny
2019-02-26,20.5,75,5.2,9,Rainy
2019-02-27,21.9,73,5.4,22,Rainy
2019-02-28,21.8,69,0.0,17,Sunny
2019-03-01,28.3,78,4.8,15,Sunny
2019-03-02,26.6,71,0.0,15,Sunny
2019-03-03,26.4,76,0.7,21,Sunny
2019-03-04,27.7,70,4.2,13,Sunny
2019-03-05,26.0,68,2.4,14,Sunny
2019-03-06,25.3,68,0.0,21,Sunny
2019-03-07,27.9,62,2.9,20,Sunny
2019-03-08,28.9,60,3.6,12,Sunny
2019-03-09,26.7,63,10.5,14,Rainy
2019-03-10,26.3,62,6.7,12,Rainy
2019-03-11,27.0,64,2.1,13,Sunny
2019-03-12,26.6,64,0.2,9,Sunny
2019-03-13,26.3,79,0.0,13,Sunny
2019-03-14,28.2,68,6.1,13,Rainy
2019-03-15,27.6,76,0.0,8,Sunny
2019-03-16,28.9,66,0.0,11,Sunny
2019-03-17,26.4,78,7.4,10,Rainy
2019-03-18,26.4,66,0.0,8,Sunny
2019-03-19,25.6,74,1.1,12,Sunny
2019-03-20,28.0,75,6.6,13,Rainy
2019-03-21,28.0,66,0.0,18,Sunny
2019-03-22,26.1,68,1.5,22,Sunny
2019-03-23,26.5,73,9.5,19,Rainy
2019-03-24,25.4,64,0.0,8,Sunny
2019-03-25,27.1,64,8.3,10,Rainy
2019-03-26,27.4,71,3.3,12,Sunny
2019-03-27,25.4,67,13.6,15,Rainy
2019-03-28,27.8,67,6.1,18,Rainy
2019-03-29,26.4,60,0.0,11,Sunny
2019-03-30,27.8,67,4.8,18,Sunny
2019-03-31,27.8,67,4.3,10,Sunny
2019-04-01,28.0,72,3.4,16,Sunny
2019-04-02,28.7,68,7.7,21,Rainy
2019-04-03,28.5,60,4.2,14,Sunny
2019-04-04,27.4,76,8.9,22,Rainy
2019-04-05,28.8,80,0.7,21,Sunny
2019-04-06,28.3,60,0.0,9,Sunny
2019-04-07,28.8,79,5.3,19,Rainy
2019-04-08,27.9,72,0.5,15,Sunny
2019-04-09,26.4,65,1.1,21,Sunny
2019-04-10,25.7,66,0.0,13,Sunny
2019-04-11,27.2,77,11.2,21,Rainy
2019-04-12,25.1,78,7.8,15,Rainy
2019-04-13,28.4,77,9.5,16,Rainy
2019-04-14,26.2,68,9.6,10,Rainy
2019-04-15,28.8,60,1.6,14,Sunny
2019-04-16,28.6,66,0.4,15,Sunny
2019-04-17,27.3,69,10.4,9,Rainy
2019-04-18,26.2,70,14.7,9,Rainy
2019-04-19,26.8,75,1.8,12,Sunny
2019-04-20,27.7,67,7.5,22,Rainy
2019-04-21,28.7,60,1.4,11,Sunny
2019-04-22,28.5,65,3.6,19,Sunny
2019-04-23,27.4,60,2.1,17,Sunny
2019-04-24,25.8,66,0.0,18,Sunny
2019-04-25,27.0,76,0.0,22,Sunny
2019-04-26,27.6,79,5.4,13,Rainy
2019-04-27,25.3,61,0.0,19,Sunny
2019-04-28,27.5,76,9.3,15,Rainy
2019-04-29,28.6,69,1.0,14,Sunny
2019-04-30,28.2,65,0.0,12,Sunny
2019-05-01,29.2,73,19.4,20,Heavy Rain
2019-05-02,29.9,61,0.0,12,Sunny
2019-05-03,29.3,68,7.5,17,Rainy
2019-05-04,29.8,77,11.3,18,Rainy
2019-05-05,27.4,72,13.4,20,Rainy
2019-05-06,29.2,74,12.1,13,Rainy
2019-05-07,28.4,75,0.0,12,Sunny
2019-05-08,28.8,80,5.1,11,Rainy
2019-05-09,27.3,70,3.7,21,Sunny
2019-05-10,29.4,77,20.9,18,Heavy Rain
2019-05-11,30.8,60,0.0,18,Sunny
2019-05-12,30.2,80,12.8,19,Rainy
2019-05-13,29.5,80,12.2,12,Rainy
2019-05-14,27.2,76,26.1,22,Heavy Rain
2019-05-15,30.3,64,8.8,12,Rainy
2019-05-16,27.6,70,0.0,15,Sunny
2019-05-17,27.1,77,0.0,21,Sunny
2019-05-18,28.5,60,0.0,16,Sunny
2019-05-19,29.3,68,10.1,15,Rainy
2019-05-20,29.2,62,6.7,21,Rainy
2019-05-21,29.1,63,19.5,21,Heavy Rain
2019-05-22,27.2,76,21.5,22,Heavy Rain
2019-05-23,30.2,72,24.2,8,Heavy Rain
2019-05-24,30.9,74,10.5,16,Rainy
2019-05-25,27.1,68,24.9,19,Heavy Rain
2019-05-26,28.4,80,0.0,11,Sunny
2019-05-27,27.2,64,21.5,17,Heavy Rain
2019-05-28,27.9,68,22.6,16,Heavy Rain
2019-05-29,28.7,74,7.0,8,Rainy
2019-05-30,29.4,67,14.1,20,Rainy
2019-05-31,30.7,60,17.4,8,Heavy Rain
2019-06-01,28.9,85,26.0,12,Heavy Rain
2019-06-02,30.8,91,25.9,15,Heavy Rain
2019-06-03,28.7,90,0.0,19,Cloudy
2019-06-04,30.0,92,26.4,15,Heavy Rain
2019-06-05,29.2,88,7.1,14,Rainy
2019-06-06,29.4,87,14.0,14,Rainy
2019-06-07,29.3,86,9.4,13,Rainy
2019-06-08,30.1,80,12.1,20,Rainy
2019-06-09,27.1,86,0.0,8,Cloudy
2019-06-10,30.8,83,4.9,8,Sunny
2019-06-11,27.8,92,20.3,10,Heavy Rain
2019-06-12,28.8,80,27.5,10,Heavy Rain
2019-06-13,27.5,89,32.2,10,Heavy Rain
2019-06-14,28.2,87,45.8,13,Heavy Rain
2019-06-15,27.4,81,28.4,9,Heavy Rain
2019-06-16,30.0,88,11.4,9,Rainy
2019-06-17,27.7,80,25.5,16,Heavy Rain
2019-06-18,29.2,81,37.7,9,Heavy Rain
2019-06-19,27.3,87,9.3,8,Rainy
2019-06-20,30.1,86,26.0,9,Heavy Rain
2019-06-21,30.4,80,25.9,21,Heavy Rain
2019-06-22,28.2,87,23.6,16,Heavy Rain
2019-06-23,27.4,85,7.1,18,Rainy
2019-06-24,30.7,84,12.7,13,Rainy
2019-06-25,30.2,84,6.6,15,Rainy
2019-06-26,28.1,90,29.8,19,Heavy Rain
2019-06-27,29.5,87,28.6,9,Heavy Rain
2019-06-28,27.2,85,31.3,11,Heavy Rain
2019-06-29,29.2,84,32.1,17,Heavy Rain
2019-06-30,29.5,88,1.2,13,Cloudy
2019-07-01,27.8,82,54.7,20,Heavy Rain
2019-07-02,27.2,86,11.3,19,Rainy
2019-07-03,27.2,83,2.2,9,Sunny
2019-07-04,28.3,87,14.5,12,Rainy
2019-07-05,27.1,90,19.8,11,Heavy Rain
2019-07-06,29.9,86,17.4,8,Heavy Rain
2019-07-07,28.1,85,4.9,9,Sunny
2019-07-08,27.9,85,23.8,9,Heavy Rain
2019-07-09,28.8,90,30.7,8,Heavy Rain
2019-07-10,28.3,84,41.6,16,Heavy Rain
2019-07-11,26.1,81,57.8,10,Heavy Rain
2019-07-12,29.1,90,69.0,21,Heavy Rain
2019-07-13,27.1,90,23.9,21,Heavy Rain
2019-07-14,26.6,83,26.1,15,Heavy Rain
2019-07-15,29.4,84,21.3,10,Heavy Rain
2019-07-16,27.0,80,22.8,19,Heavy Rain
2019-07-17,28.8,89,36.6,19,Heavy Rain
2019-07-18,28.5,84,17.5,8,Heavy Rain
2019-07-19,26.0,90,12.2,8,Rainy
2019-07-20,26.0,86,30.0,10,Heavy Rain
2019-07-21,26.8,88,23.5,12,Heavy Rain
2019-07-22,27.0,91,19.5,13,Heavy Rain
2019-07-23,28.7,90,23.6,19,Heavy Rain
2019-07-24,29.3,89,0.0,15,Cloudy
2019-07-25,28.5,86,24.2,20,Heavy Rain
2019-07-26,28.7,80,0.0,13,Sunny
2019-07-27,29.9,92,36.6,18,Heavy Rain
2019-07-28,29.9,91,10.1,13,Rainy
2019-07-29,26.8,85,13.8,17,Rainy
2019-07-30,29.5,83,24.6,14,Heavy Rain
2019-07-31,26.8,83,22.7,14,Heavy Rain
2019-08-01,29.4,80,36.3,8,Heavy Rain
2019-08-02,28.2,82,0.0,11,Sunny
2019-08-03,29.6,89,27.0,18,Heavy Rain
2019-08-04,28.2,86,7.6,20,Rainy
2019-08-05,26.0,85,30.0,13,Heavy Rain
2019-08-06,26.5,82,34.6,15,Heavy Rain
2019-08-07,28.2,81,26.4,16,Heavy Rain
2019-08-08,29.1,83,19.0,10,Heavy Rain
2019-08-09,28.4,85,0.0,14,Sunny
2019-08-10,30.0,84,2.4,9,Sunny
2019-08-11,30.0,84,2.6,18,Sunny
2019-08-12,28.9,90,20.9,12,Heavy Rain
2019-08-13,27.8,86,27.1,14,Heavy Rain
2019-08-14,27.1,80,63.2,17,Heavy Rain
2019-08-15,27.3,91,8.1,15,Rainy
2019-08-16,28.1,90,9.6,12,Rainy
2019-08-17,28.5,81,0.4,20,Sunny
2019-08-18,29.9,87,18.9,13,Heavy Rain
2019-08-19,26.1,88,17.0,13,Heavy Rain
2019-08-20,29.2,92,17.8,20,Heavy Rain
2019-08-21,26.8,92,19.8,12,Heavy Rain
2019-08-22,29.0,86,7.6,13,Rainy
2019-08-23,29.6,89,0.9,8,Cloudy
2019-08-24,28.1,81,14.7,14,Rainy
2019-08-25,29.9,80,8.1,11,Rainy
2019-08-26,29.8,88,0.0,9,Cloudy
2019-08-27,27.0,91,6.1,13,Rainy
2019-08-28,29.5,90,20.7,9,Heavy Rain
2019-08-29,28.1,91,38.8,15,Heavy Rain
2019-08-30,29.4,92,10.9,18,Rainy
2019-08-31,29.6,92,12.3,15,Rainy
2019-09-01,28.9,81,12.8,20,Rainy
2019-09-02,25.2,83,0.0,17,Sunny
2019-09-03,25.1,90,11.7,9,Rainy
2019-09-04,26.1,81,9.5,8,Rainy
2019-09-05,25.1,84,15.1,9,Heavy Rain
2019-09-06,27.6,89,0.0,8,Cloudy
2019-09-07,27.0,80,25.1,16,Heavy Rain
2019-09-08,26.4,82,2.1,21,Sunny
2019-09-09,27.4,88,5.6,14,Rainy
2019-09-10,28.8,83,22.9,12,Heavy Rain
2019-09-11,28.2,89,0.0,14,Cloudy
2019-09-12,26.5,89,21.3,14,Heavy Rain
2019-09-13,27.2,82,21.0,19,Heavy Rain
2019-09-14,28.5,88,9.6,9,Rainy
2019-09-15,27.8,87,14.7,16,Rainy
2019-09-16,27.2,84,27.9,8,Heavy Rain
2019-09-17,26.7,82,0.0,8,Sunny
2019-09-18,25.4,86,11.8,13,Rainy
2019-09-19,26.3,81,5.5,8,Rainy
2019-09-20,28.5,87,0.0,18,Cloudy
2019-09-21,26.8,92,0.8,12,Cloudy
2019-09-22,26.3,82,5.8,10,Rainy
2019-09-23,26.6,83,20.3,17,Heavy Rain
2019-09-24,28.1,90,13.2,21,Rainy
2019-09-25,27.4,90,18.0,8,Heavy Rain
2019-09-26,28.3,81,3.8,19,Sunny
2019-09-27,27.2,81,17.3,17,Heavy Rain
2019-09-28,27.1,83,31.9,14,Heavy Rain
2019-09-29,27.7,80,19.4,11,Heavy Rain
2019-09-30,25.1,91,0.0,11,Cloudy
2019-10-01,28.1,80,0.0,14,Sunny
2019-10-02,27.3,71,0.0,19,Sunny
2019-10-03,28.3,78,0.0,19,Sunny
2019-10-04,27.0,60,3.6,8,Sunny
2019-10-05,27.4,63,10.5,22,Rainy
2019-10-06,28.9,73,2.4,10,Sunny
2019-10-07,28.2,61,0.3,20,Sunny
2019-10-08,25.7,79,8.2,21,Rainy
2019-10-09,28.3,77,0.5,8,Sunny
2019-10-10,26.9,75,1.1,13,Sunny
2019-10-11,27.3,67,0.0,21,Sunny
2019-10-12,26.7,72,0.0,20,Sunny
2019-10-13,25.6,77,1.5,22,Sunny
2019-10-14,25.8,61,0.1,15,Sunny
2019-10-15,28.9,68,3.0,12,Sunny
2019-10-16,28.4,61,4.7,9,Sunny
2019-10-17,25.0,75,0.2,9,Sunny
2019-10-18,27.8,74,2.8,19,Sunny
2019-10-19,27.0,68,0.3,21,Sunny
2019-10-20,25.5,71,0.8,17,Sunny
2019-10-21,27.8,66,0.0,13,Sunny
2019-10-22,25.3,72,6.5,19,Rainy
2019-10-23,26.7,79,1.3,14,Sunny
2019-10-24,27.9,72,6.8,22,Rainy
2019-10-25,28.5,67,0.0,11,Sunny
2019-10-26,25.3,79,4.5,21,Sunny
2019-10-27,25.1,63,0.8,12,Sunny
2019-10-28,27.4,70,0.3,16,Sunny
2019-10-29,25.1,60,0.0,12,Sunny
2019-10-30,25.8,66,2.4,21,Sunny
2019-10-31,26.2,79,1.8,19,Sunny
2019-11-01,22.3,77,2.1,8,Sunny
2019-11-02,24.8,73,0.0,16,Sunny
2019-11-03,25.7,75,0.0,13,Sunny
2019-11-04,24.8,71,1.9,8,Sunny
2019-11-05,25.0,73,6.4,12,Rainy
2019-11-06,24.8,65,5.5,14,Rainy
2019-11-07,24.4,79,0.0,14,Sunny
2019-11-08,22.6,80,5.0,10,Sunny
2019-11-09,25.2,78,0.0,12,Sunny
2019-11-10,24.6,69,0.0,22,Sunny
2019-11-11,22.2,79,5.5,17,Rainy
2019-11-12,22.2,80,15.4,8,Heavy Rain
2019-11-13,22.5,72,0.0,9,Sunny
2019-11-14,22.1,74,4.7,8,Sunny
2019-11-15,24.9,71,0.7,11,Sunny
2019-11-16,24.4,66,0.0,16,Sunny
2019-11-17,24.1,74,3.1,20,Sunny
2019-11-18,25.2,69,4.8,21,Sunny
2019-11-19,25.3,71,2.9,20,Sunny
2019-11-20,25.2,61,1.5,16,Sunny
2019-11-21,22.9,78,1.8,20,Sunny
2019-11-22,24.6,63,9.4,11,Rainy
2019-11-23,22.5,78,0.0,17,Sunny
2019-11-24,22.5,71,0.0,18,Sunny
2019-11-25,24.0,63,0.0,15,Sunny
2019-11-26,22.1,68,0.0,19,Sunny
2019-11-27,25.1,63,0.0,15,Sunny
2019-11-28,23.3,60,0.0,20,Sunny
2019-11-29,22.9,69,0.0,8,Sunny
2019-11-30,24.6,63,2.8,11,Sunny
2019-12-01,22.9,73,1.7,20,Sunny
2019-12-02,19.6,67,0.0,8,Sunny
2019-12-03,20.3,74,8.3,10,Rainy
2019-12-04,19.9,75,0.0,9,Sunny
2019-12-05,19.1,69,0.0,10,Sunny
2019-12-06,21.7,79,3.1,9,Sunny
2019-12-07,20.6,78,0.0,12,Sunny
2019-12-08,22.0,78,6.8,10,Rainy
2019-12-09,22.7,74,0.0,21,Sunny
2019-12-10,20.4,66,5.4,20,Rainy
2019-12-11,22.5,72,4.5,16,Sunny
2019-12-12,20.1,77,2.8,13,Sunny
2019-12-13,19.8,64,0.0,20,Sunny
2019-12-14,22.1,70,0.0,14,Sunny
2019-12-15,19.2,66,1.7,20,Sunny
2019-12-16,20.6,60,8.1,16,Rainy
2019-12-17,22.1,73,0.8,17,Sunny
2019-12-18,20.4,65,3.1,13,Sunny
2019-12-19,22.7,71,2.4,10,Sunny
2019-12-20,21.8,73,0.0,19,Sunny
2019-12-21,22.3,64,3.4,11,Sunny
2019-12-22,21.5,68,0.0,10,Sunny
2019-12-23,19.7,66,2.4,20,Sunny
2019-12-24,22.7,80,0.0,17,Sunny
2019-12-25,21.4,68,7.1,12,Rainy
2019-12-26,22.0,69,6.8,10,Rainy
2019-12-27,20.6,72,0.0,12,Sunny
2019-12-28,19.6,60,5.5,22,Rainy
2019-12-29,21.6,61,0.0,16,Sunny
2019-12-30,20.1,66,12.1,17,Rainy
2019-12-31,22.7,76,3.1,14,Sunny
2020-01-01,22.6,63,1.8,19,Sunny
2020-01-02,22.8,77,0.0,22,Sunny
2020-01-03,20.9,62,9.6,9,Rainy
2020-01-04,21.1,76,0.0,8,Sunny
2020-01-05,21.9,69,4.2,20,Sunny
2020-01-06,22.2,71,5.2,21,Rainy
2020-01-07,21.5,74,3.9,12,Sunny
2020-01-08,21.5,65,5.3,20,Rainy
2020-01-09,22.3,67,9.8,13,Rainy
2020-01-10,21.1,65,9.7,12,Rainy
2020-01-11,19.4,80,2.5,19,Sunny
2020-01-12,21.5,74,2.8,21,Sunny
2020-01-13,20.4,68,6.6,19,Rainy
2020-01-14,20.7,61,4.1,22,Sunny
2020-01-15,20.1,69,7.4,11,Rainy
2020-01-16,20.6,76,3.1,13,Sunny
2020-01-17,19.5,68,7.9,10,Rainy
2020-01-18,19.8,79,8.6,21,Rainy
2020-01-19,22.4,75,0.0,9,Sunny
2020-01-20,19.7,66,0.0,14,Sunny
2020-01-21,21.8,71,4.6,15,Sunny
2020-01-22,22.6,69,1.2,8,Sunny
2020-01-23,19.7,79,5.0,22,Sunny
2020-01-24,19.3,64,10.7,22,Rainy
2020-01-25,19.8,78,7.4,20,Rainy
2020-01-26,21.3,69,9.9,15,Rainy
2020-01-27,21.7,69,0.0,18,Sunny
2020-01-28,22.5,72,3.7,12,Sunny
2020-01-29,20.0,63,5.1,17,Rainy
2020-01-30,22.2,76,0.0,15,Sunny
2020-01-31,20.8,73,6.3,22,Rainy
2020-02-01,21.2,77,6.0,13,Rainy
2020-02-02,20.4,72,2.9,12,Sunny
2020-02-03,22.1,65,4.3,20,Sunny
2020-02-04,20.9,71,0.0,17,Sunny
2020-02-05,21.3,73,7.3,14,Rainy
2020-02-06,21.2,61,5.5,9,Rainy
2020-02-07,19.9,63,2.1,19,Sunny
2020-02-08,21.6,66,1.1,11,Sunny
2020-02-09,20.2,74,0.0,13,Sunny
2020-02-10,21.6,80,4.1,14,Sunny
2020-02-11,19.2,74,0.6,12,Sunny
2020-02-12,19.2,66,0.5,11,Sunny
2020-02-13,19.1,71,0.2,17,Sunny
2020-02-14,21.7,73,0.0,15,Sunny
2020-02-15,19.4,71,5.8,19,Rainy
2020-02-16,19.5,64,7.7,15,Rainy
2020-02-17,21.1,67,1.6,15,Sunny
2020-02-18,20.9,66,11.7,14,Rainy
2020-02-19,20.4,62,3.7,17,Sunny
2020-02-20,21.1,78,0.0,12,Sunny
2020-02-21,21.2,80,0.0,10,Sunny
2020-02-22,21.6,64,1.8,15,Sunny
2020-02-23,21.8,72,6.4,13,Rainy
2020-02-24,20.3,65,3.6,19,Sunny
2020-02-25,21.5,63,0.0,8,Sunny
2020-02-26,20.6,62,3.6,18,Sunny
2020-02-27,22.4,72,0.0,10,Sunny
2020-02-28,20.0,66,4.5,17,Sunny
2020-02-29,23.0,64,0.8,15,Sunny
2020-03-01,28.5,69,0.0,14,Sunny
2020-03-02,25.3,74,7.4,10,Rainy
2020-03-03,27.6,66,7.9,14,Rainy
2020-03-04,28.8,65,0.0,9,Sunny
2020-03-05,28.1,80,3.8,17,Sunny
2020-03-06,27.0,70,1.7,16,Sunny
2020-03-07,25.1,65,0.0,13,Sunny
2020-03-08,28.5,79,0.0,16,Sunny
2020-03-09,27.8,67,3.9,8,Sunny
2020-03-10,27.9,61,4.8,13,Sunny
2020-03-11,28.9,64,4.3,13,Sunny
2020-03-12,27.5,65,0.0,22,Sunny
2020-03-13,26.6,77,0.0,18,Sunny
2020-03-14,28.3,73,0.0,8,Sunny
2020-03-15,28.2,64,0.0,20,Sunny
2020-03-16,26.9,71,0.0,11,Sunny
2020-03-17,26.6,70,7.8,9,Rainy
2020-03-18,25.9,60,3.4,21,Sunny
2020-03-19,27.9,65,0.8,10,Sunny
2020-03-20,28.7,71,4.0,13,Sunny
2020-03-21,27.3,64,7.4,17,Rainy
2020-03-22,28.4,71,2.1,10,Sunny
2020-03-23,25.7,62,8.9,10,Rainy
2020-03-24,28.8,61,0.0,14,Sunny
2020-03-25,26.6,73,0.0,15,Sunny
2020-03-26,27.1,60,0.0,11,Sunny
2020-03-27,25.5,61,12.6,20,Rainy
2020-03-28,26.3,69,4.4,16,Sunny
2020-03-29,26.9,66,6.3,18,Rainy
2020-03-30,26.8,62,0.6,22,Sunny
2020-03-31,25.4,65,5.7,10,Rainy
2020-04-01,25.0,67,0.0,12,Sunny
2020-04-02,28.1,73,3.4,22,Sunny
2020-04-03,26.7,63,7.1,21,Rainy
2020-04-04,28.9,61,0.0,8,Sunny
2020-04-05,28.1,64,13.0,12,Rainy
2020-04-06,27.4,71,11.7,12,Rainy
2020-04-07,25.4,72,0.0,13,Sunny
2020-04-08,26.0,64,4.8,16,Sunny
2020-04-09,27.8,70,3.0,21,Sunny
2020-04-10,27.1,66,3.6,12,Sunny
2020-04-11,26.3,80,4.0,21,Sunny
2020-04-12,28.6,70,6.3,18,Rainy
2020-04-13,25.4,63,0.0,15,Sunny
2020-04-14,27.6,73,0.0,9,Sunny
2020-04-15,28.2,78,0.9,19,Sunny
2020-04-16,26.1,77,0.0,15,Sunny
2020-04-17,26.4,61,3.2,13,Sunny
2020-04-18,25.1,75,0.0,9,Sunny
2020-04-19,26.7,68,2.8,9,Sunny
2020-04-20,25.6,73,2.7,21,Sunny
2020-04-21,25.9,77,12.5,16,Rainy
2020-04-22,28.3,63,0.0,11,Sunny
2020-04-23,25.5,62,0.0,13,Sunny
2020-04-24,25.4,62,10.8,16,Rainy
2020-04-25,26.4,62,9.8,17,Rainy
2020-04-26,27.1,72,2.4,19,Sunny
2020-04-27,27.0,75,4.1,20,Sunny
2020-04-28,28.5,79,7.8,10,Rainy
2020-04-29,27.2,78,0.0,19,Sunny
2020-04-30,27.5,71,0.0,22,Sunny
2020-05-01,27.8,66,22.2,16,Heavy Rain
2020-05-02,30.9,74,13.9,17,Rainy
2020-05-03,29.3,79,5.3,17,Rainy
2020-05-04,30.3,74,10.3,10,Rainy
2020-05-05,27.9,78,16.7,8,Heavy Rain
2020-05-06,30.1,78,5.1,14,Rainy
2020-05-07,27.0,65,0.0,15,Sunny
2020-05-08,27.7,74,2.7,15,Sunny
2020-05-09,30.1,68,0.0,12,Sunny
2020-05-10,29.8,73,0.0,9,Sunny
2020-05-11,30.1,61,9.7,22,Rainy
2020-05-12,30.7,63,7.2,14,Rainy
2020-05-13,28.0,75,0.0,22,Sunny
2020-05-14,30.0,70,14.2,13,Rainy
2020-05-15,29.5,71,20.4,16,Heavy Rain
2020-05-16,29.5,77,0.2,11,Sunny
2020-05-17,29.4,68,9.7,22,Rainy
2020-05-18,28.2,75,0.0,8,Sunny
2020-05-19,30.0,71,12.3,14,Rainy
2020-05-20,30.5,73,2.7,22,Sunny
2020-05-21,29.0,71,23.8,12,Heavy Rain
2020-05-22,27.3,71,6.4,15,Rainy
2020-05-23,28.6,75,0.0,21,Sunny
2020-05-24,27.7,76,5.3,9,Rainy
2020-05-25,27.1,73,8.1,20,Rainy
2020-05-26,28.5,74,2.2,18,Sunny
2020-05-27,29.7,63,12.6,10,Rainy
2020-05-28,28.4,74,0.0,11,Sunny
2020-05-29,29.1,79,8.1,15,Rainy
2020-05-30,28.2,73,12.9,15,Rainy
2020-05-31,28.9,69,21.6,8,Heavy Rain
2020-06-01,27.6,89,21.2,22,Heavy Rain
2020-06-02,30.8,85,23.8,11,Heavy Rain
2020-06-03,31.0,84,30.8,11,Heavy Rain
2020-06-04,30.8,84,45.9,12,Heavy Rain
2020-06-05,27.3,85,32.0,21,Heavy Rain
2020-06-06,29.0,84,30.2,8,Heavy Rain
2020-06-07,28.2,90,12.2,20,Rainy
2020-06-08,28.3,85,22.0,16,Heavy Rain
2020-06-09,27.9,87,16.9,20,Heavy Rain
2020-06-10,28.7,83,13.1,10,Rainy
2020-06-11,27.8,87,40.5,18,Heavy Rain
2020-06-12,27.6,88,10.1,14,Rainy
2020-06-13,30.4,87,25.0,17,Heavy Rain
2020-06-14,30.3,83,8.0,12,Rainy
2020-06-15,29.1,86,20.6,10,Heavy Rain
2020-06-16,28.0,87,35.9,13,Heavy Rain
2020-06-17,29.7,89,4.0,21,Cloudy
2020-06-18,31.0,84,8.8,15,Rainy
2020-06-19,29.6,90,49.6,16,Heavy Rain
2020-06-20,30.7,90,29.7,14,Heavy Rain
2020-06-21,28.9,85,7.3,17,Rainy
2020-06-22,29.8,91,12.7,14,Rainy
2020-06-23,30.6,92,9.3,9,Rainy
2020-06-24,27.9,90,0.7,15,Cloudy
2020-06-25,28.8,81,21.2,21,Heavy Rain
2020-06-26,28.8,88,0.0,20,Cloudy
2020-06-27,30.4,81,15.6,12,Heavy Rain
2020-06-28,30.5,90,3.8,9,Cloudy
2020-06-29,28.0,83,12.6,21,Rainy
2020-06-30,27.9,87,31.4,9,Heavy Rain
2020-07-01,26.3,82,22.3,21,Heavy Rain
2020-07-02,29.5,82,0.9,19,Sunny
2020-07-03,26.7,86,0.0,16,Cloudy
2020-07-04,27.3,83,11.4,10,Rainy
2020-07-05,27.2,86,22.6,20,Heavy Rain
2020-07-06,26.9,83,0.0,22,Sunny
2020-07-07,26.7,91,5.4,10,Rainy
2020-07-08,28.5,88,0.0,8,Cloudy
2020-07-09,26.7,83,44.9,18,Heavy Rain
2020-07-10,27.2,92,32.3,14,Heavy Rain
2020-07-11,26.9,84,44.1,18,Heavy Rain
2020-07-12,29.7,89,6.1,20,Rainy
2020-07-13,29.5,88,1.7,18,Cloudy
2020-07-14,29.6,84,17.2,22,Heavy Rain
2020-07-15,27.1,82,25.1,16,Heavy Rain
2020-07-16,29.6,92,43.1,21,Heavy Rain
2020-07-17,28.5,80,10.8,13,Rainy
2020-07-18,27.6,89,40.5,12,Heavy Rain
2020-07-19,29.6,85,1.4,21,Sunny
2020-07-20,27.0,82,14.9,12,Rainy
2020-07-21,28.5,92,28.9,10,Heavy Rain
2020-07-22,28.8,81,17.6,9,Heavy Rain
2020-07-23,29.2,92,0.0,19,Cloudy
2020-07-24,28.0,85,0.0,18,Sunny
2020-07-25,27.1,85,22.7,14,Heavy Rain
2020-07-26,26.1,86,17.1,11,Heavy Rain
2020-07-27,30.0,89,0.0,12,Cloudy
2020-07-28,27.0,88,10.6,11,Rainy
2020-07-29,26.9,83,10.6,11,Rainy
2020-07-30,28.5,81,14.9,17,Rainy
2020-07-31,29.1,87,17.0,14,Heavy Rain
2020-08-01,26.4,83,5.4,10,Rainy
2020-08-02,29.6,87,6.1,12,Rainy
2020-08-03,27.7,80,21.4,12,Heavy Rain
2020-08-04,26.8,89,13.9,11,Rainy
2020-08-05,29.0,83,29.7,16,Heavy Rain
2020-08-06,28.4,88,27.7,11,Heavy Rain
2020-08-07,28.3,81,31.5,20,Heavy Rain
2020-08-08,26.4,92,8.6,18,Rainy
2020-08-09,28.5,84,2.2,18,Sunny
2020-08-10,27.6,87,27.9,12,Heavy Rain
2020-08-11,26.5,87,51.9,11,Heavy Rain
2020-08-12,28.2,85,6.5,13,Rainy
2020-08-13,28.6,85,4.0,13,Sunny
2020-08-14,27.7,81,36.4,17,Heavy Rain
2020-08-15,27.5,83,7.7,9,Rainy
2020-08-16,26.0,91,19.4,8,Heavy Rain
2020-08-17,26.1,80,12.2,13,Rainy
2020-08-18,26.1,85,13.3,13,Rainy
2020-08-19,26.5,88,7.0,19,Rainy
2020-08-20,26.1,90,0.0,14,Cloudy
2020-08-21,27.7,82,7.1,11,Rainy
2020-08-22,29.4,81,2.7,9,Sunny
2020-08-23,26.8,90,4.4,22,Cloudy
2020-08-24,29.5,92,45.5,20,Heavy Rain
2020-08-25,28.2,80,60.3,9,Heavy Rain
2020-08-26,26.6,84,17.1,19,Heavy Rain
2020-08-27,27.9,83,63.9,11,Heavy Rain
2020-08-28,29.6,91,21.3,20,Heavy Rain
2020-08-29,26.7,86,39.2,19,Heavy Rain
2020-08-30,29.5,80,24.4,18,Heavy Rain
2020-08-31,29.6,83,21.0,12,Heavy Rain
2020-09-01,25.8,90,21.8,22,Heavy Rain
2020-09-02,27.3,83,4.7,10,Sunny
2020-09-03,28.9,90,0.0,13,Cloudy
2020-09-04,28.7,82,9.2,19,Rainy
2020-09-05,28.9,92,3.1,9,Cloudy
2020-09-06,28.4,90,3.4,19,Cloudy
2020-09-07,25.1,82,28.9,10,Heavy Rain
2020-09-08,25.1,81,6.5,11,Rainy
2020-09-09,27.3,91,13.4,17,Rainy
2020-09-10,28.5,89,0.0,18,Cloudy
2020-09-11,25.2,83,15.8,10,Heavy Rain
2020-09-12,27.7,85,2.8,21,Sunny
2020-09-13,27.8,82,24.4,20,Heavy Rain
2020-09-14,26.1,83,12.3,15,Rainy
2020-09-15,28.9,86,12.0,9,Rainy
2020-09-16,25.7,80,25.7,22,Heavy Rain
2020-09-17,27.8,90,28.0,17,Heavy Rain
2020-09-18,28.9,87,0.0,8,Cloudy
2020-09-19,26.4,80,13.1,13,Rainy
2020-09-20,25.3,85,0.0,19,Sunny
2020-09-21,28.8,92,32.4,13,Heavy Rain
2020-09-22,25.5,80,10.6,14,Rainy
2020-09-23,26.6,80,0.0,14,Sunny
2020-09-24,27.1,90,14.9,13,Rainy
2020-09-25,28.5,82,11.4,22,Rainy
2020-09-26,27.6,84,8.1,8,Rainy
2020-09-27,28.1,90,10.4,20,Rainy
2020-09-28,25.5,80,7.4,21,Rainy
2020-09-29,28.3,91,17.3,17,Heavy Rain
2020-09-30,27.5,86,15.9,13,Heavy Rain
2020-10-01,25.9,63,0.0,18,Sunny
2020-10-02,26.6,69,0.0,13,Sunny
2020-10-03,25.4,76,7.4,19,Rainy
2020-10-04,25.4,60,0.0,20,Sunny
2020-10-05,28.2,78,7.1,12,Rainy
2020-10-06,25.6,67,0.3,12,Sunny
2020-10-07,25.5,70,0.9,14,Sunny
2020-10-08,26.7,76,3.1,14,Sunny
2020-10-09,28.9,76,3.7,18,Sunny
2020-10-10,25.6,67,0.0,21,Sunny
2020-10-11,28.8,62,2.9,10,Sunny
2020-10-12,26.0,68,0.0,20,Sunny
2020-10-13,27.2,70,4.6,8,Sunny
2020-10-14,26.7,71,2.1,8,Sunny
2020-10-15,25.1,68,0.0,8,Sunny
2020-10-16,25.6,74,0.0,18,Sunny
2020-10-17,25.1,60,0.2,9,Sunny
2020-10-18,26.9,75,0.0,20,Sunny
2020-10-19,26.3,80,5.2,14,Rainy
2020-10-20,26.0,69,0.0,16,Sunny
2020-10-21,25.7,60,14.2,16,Rainy
2020-10-22,25.3,61,0.0,20,Sunny
2020-10-23,27.2,63,1.4,13,Sunny
2020-10-24,26.5,76,1.1,14,Sunny
2020-10-25,27.6,78,0.0,22,Sunny
2020-10-26,25.9,61,0.0,22,Sunny
2020-10-27,27.8,66,0.0,8,Sunny
2020-10-28,25.5,72,0.0,21,Sunny
2020-10-29,25.2,74,0.0,19,Sunny
2020-10-30,25.6,73,1.6,19,Sunny
2020-10-31,25.9,67,0.0,15,Sunny
2020-11-01,25.4,63,5.5,19,Rainy
2020-11-02,25.2,67,2.7,11,Sunny
2020-11-03,23.5,79,0.0,17,Sunny
2020-11-04,23.3,65,1.5,12,Sunny
2020-11-05,24.8,76,0.0,10,Sunny
2020-11-06,24.2,72,6.0,12,Rainy
2020-11-07,23.6,73,4.9,19,Sunny
2020-11-08,22.9,64,7.7,18,Rainy
2020-11-09,22.2,62,1.3,18,Sunny
2020-11-10,23.7,77,6.1,14,Rainy
2020-11-11,24.5,68,0.0,10,Sunny
2020-11-12,25.8,75,0.4,8,Sunny
2020-11-13,23.1,71,7.3,17,Rainy
2020-11-14,23.8,61,0.0,17,Sunny
2020-11-15,22.5,71,4.1,21,Sunny
2020-11-16,24.4,66,3.3,13,Sunny
2020-11-17,23.4,67,2.1,22,Sunny
2020-11-18,22.1,76,6.3,18,Rainy
2020-11-19,25.4,61,0.0,19,Sunny
2020-11-20,25.6,77,0.0,13,Sunny
2020-11-21,22.6,75,7.3,14,Rainy
2020-11-22,22.7,62,0.0,18,Sunny
2020-11-23,25.1,64,4.4,20,Sunny
2020-11-24,25.9,75,6.6,20,Rainy
2020-11-25,25.5,73,0.0,18,Sunny
2020-11-26,23.8,61,3.8,12,Sunny
2020-11-27,24.1,77,8.1,13,Rainy
2020-11-28,25.3,78,0.0,17,Sunny
2020-11-29,24.9,79,0.0,21,Sunny
2020-11-30,23.3,62,0.0,17,Sunny
2020-12-01,20.5,65,7.4,20,Rainy
2020-12-02,22.9,64,2.3,10,Sunny
2020-12-03,22.1,78,0.0,18,Sunny
2020-12-04,20.7,62,0.0,19,Sunny
2020-12-05,21.0,69,4.8,19,Sunny
2020-12-06,20.2,60,7.7,15,Rainy
2020-12-07,22.7,68,4.2,18,Sunny
2020-12-08,22.8,60,7.8,12,Rainy
2020-12-09,20.2,60,0.0,11,Sunny
2020-12-10,19.3,75,0.7,12,Sunny
2020-12-11,21.8,63,3.1,9,Sunny
2020-12-12,20.5,73,0.0,15,Sunny
2020-12-13,21.0,70,0.0,21,Sunny
2020-12-14,21.9,75,6.4,13,Rainy
2020-12-15,22.0,64,0.0,19,Sunny
2020-12-16,20.2,67,0.0,18,Sunny
2020-12-17,20.0,68,1.8,15,Sunny
2020-12-18,22.9,70,0.0,16,Sunny
2020-12-19,19.4,63,0.0,12,Sunny
2020-12-20,20.7,62,11.4,20,Rainy
2020-12-21,23.0,79,0.0,18,Sunny
2020-12-22,22.8,66,1.6,13,Sunny
2020-12-23,22.1,77,10.1,20,Rainy
2020-12-24,19.1,60,2.2,19,Sunny
2020-12-25,21.4,62,0.0,20,Sunny
2020-12-26,20.5,80,1.6,8,Sunny
2020-12-27,19.8,70,0.0,10,Sunny
2020-12-28,20.9,73,7.6,12,Rainy
2020-12-29,20.8,77,0.0,12,Sunny
2020-12-30,21.6,73,9.3,16,Rainy
2020-12-31,20.7,61,0.0,16,Sunny
2021-01-01,22.9,79,6.4,19,Rainy
2021-01-02,22.5,73,5.7,21,Rainy
2021-01-03,22.4,75,2.4,16,Sunny
2021-01-04,22.6,61,3.6,22,Sunny
2021-01-05,19.8,68,0.0,20,Sunny
2021-01-06,21.9,71,0.8,8,Sunny
2021-01-07,19.1,69,9.6,16,Rainy
2021-01-08,20.6,63,3.1,17,Sunny
2021-01-09,19.8,60,1.5,15,Sunny
2021-01-10,21.9,75,6.3,10,Rainy
2021-01-11,20.4,61,7.0,15,Rainy
2021-01-12,21.6,62,2.2,17,Sunny
2021-01-13,20.0,77,0.0,21,Sunny
2021-01-14,20.1,68,0.0,9,Sunny
2021-01-15,19.1,75,0.0,18,Sunny
2021-01-16,22.8,68,2.7,12,Sunny
2021-01-17,19.9,72,0.0,15,Sunny
2021-01-18,19.5,75,5.7,12,Rainy
2021-01-19,22.0,69,0.0,19,Sunny
2021-01-20,22.6,71,8.7,15,Rainy
2021-01-21,22.0,76,0.0,20,Sunny
2021-01-22,20.2,72,4.0,20,Sunny
2021-01-23,20.9,70,6.6,22,Rainy
2021-01-24,19.2,61,10.2,13,Rainy
2021-01-25,21.5,69,0.0,9,Sunny
2021-01-26,21.4,69,2.4,19,Sunny
2021-01-27,21.5,78,2.1,16,Sunny
2021-01-28,20.1,79,0.0,11,Sunny
2021-01-29,22.6,61,6.4,21,Rainy
2021-01-30,20.4,63,4.8,17,Sunny
2021-01-31,22.4,79,0.4,10,Sunny
2021-02-01,19.3,70,8.5,16,Rainy
2021-02-02,21.7,66,1.0,20,Sunny
2021-02-03,19.3,73,9.2,9,Rainy
2021-02-04,19.8,66,1.2,20,Sunny
2021-02-05,21.1,72,0.0,8,Sunny
2021-02-06,20.4,80,1.9,8,Sunny
2021-02-07,21.7,71,0.0,12,Sunny
2021-02-08,20.0,78,5.3,17,Rainy
2021-02-09,19.2,70,4.5,11,Sunny
2021-02-10,19.4,70,9.1,17,Rainy
2021-02-11,20.4,64,3.8,8,Sunny
2021-02-12,21.7,68,1.2,18,Sunny
2021-02-13,21.7,64,15.6,14,Heavy Rain
2021-02-14,22.4,71,3.9,10,Sunny
2021-02-15,20.7,77,7.9,11,Rainy
2021-02-16,21.3,67,3.1,11,Sunny
2021-02-17,19.3,79,0.1,17,Sunny
2021-02-18,20.1,80,0.0,16,Sunny
2021-02-19,23.0,66,0.0,14,Sunny
2021-02-20,20.8,76,0.0,15,Sunny
2021-02-21,19.1,69,0.0,10,Sunny
2021-02-22,22.7,64,7.5,20,Rainy
2021-02-23,20.9,61,0.0,11,Sunny
2021-02-24,19.4,67,0.0,18,Sunny
2021-02-25,20.7,63,5.8,8,Rainy
2021-02-26,20.4,73,0.0,17,Sunny
2021-02-27,19.2,75,10.7,21,Rainy
2021-02-28,20.8,78,6.1,20,Rainy
2021-03-01,25.6,67,9.4,8,Rainy
2021-03-02,26.3,70,0.0,21,Sunny
2021-03-03,28.7,66,7.6,20,Rainy
2021-03-04,28.4,77,0.0,9,Sunny
2021-03-05,26.2,71,0.0,12,Sunny
2021-03-06,28.9,78,1.0,19,Sunny
2021-03-07,25.2,68,1.4,10,Sunny
2021-03-08,25.0,72,9.1,8,Rainy
2021-03-09,26.7,70,0.0,11,Sunny
2021-03-10,25.9,76,0.0,13,Sunny
2021-03-11,29.0,67,5.2,16,Rainy
2021-03-12,27.5,71,3.7,19,Sunny
2021-03-13,26.1,80,0.7,21,Sunny
2021-03-14,27.4,75,15.2,18,Heavy Rain
2021-03-15,25.6,80,4.2,16,Sunny
2021-03-16,27.6,73,8.3,14,Rainy
2021-03-17,25.9,68,0.0,14,Sunny
2021-03-18,28.3,75,12.2,8,Rainy
2021-03-19,27.3,63,8.3,10,Rainy
2021-03-20,27.8,68,2.8,17,Sunny
2021-03-21,25.0,76,2.7,17,Sunny
2021-03-22,27.7,74,1.3,14,Sunny
2021-03-23,25.1,69,0.0,17,Sunny
2021-03-24,26.1,71,8.6,8,Rainy
2021-03-25,25.8,61,6.9,19,Rainy
2021-03-26,27.4,76,4.6,18,Sunny
2021-03-27,26.7,80,0.2,21,Sunny
2021-03-28,27.5,78,0.0,21,Sunny
2021-03-29,26.6,66,7.3,13,Rainy
2021-03-30,27.2,63,1.1,15,Sunny
2021-03-31,27.0,75,7.9,22,Rainy
2021-04-01,26.4,67,1.9,12,Sunny
2021-04-02,26.6,65,8.8,22,Rainy
2021-04-03,25.0,75,0.2,13,Sunny
2021-04-04,28.5,71,0.0,18,Sunny
2021-04-05,28.4,76,2.2,9,Sunny
2021-04-06,25.8,67,0.0,9,Sunny
2021-04-07,26.4,74,0.0,8,Sunny
2021-04-08,26.4,65,7.5,15,Rainy
2021-04-09,27.0,72,8.0,14,Rainy
2021-04-10,26.1,64,3.9,18,Sunny
2021-04-11,27.7,66,6.3,8,Rainy
2021-04-12,25.0,77,3.4,15,Sunny
2021-04-13,26.5,74,2.2,19,Sunny
2021-04-14,28.2,76,0.0,9,Sunny
2021-04-15,25.0,71,3.7,9,Sunny
2021-04-16,26.6,68,2.1,17,Sunny
2021-04-17,26.2,74,3.3,20,Sunny
2021-04-18,27.4,62,1.4,9,Sunny
2021-04-19,26.3,69,0.0,9,Sunny
2021-04-20,25.2,80,0.0,19,Sunny
2021-04-21,26.8,63,0.0,20,Sunny
2021-04-22,28.3,67,3.3,10,Sunny
2021-04-23,25.0,72,0.0,19,Sunny
2021-04-24,25.9,63,0.0,16,Sunny
2021-04-25,27.4,60,3.4,14,Sunny
2021-04-26,26.7,66,0.0,13,Sunny
2021-04-27,26.9,63,0.0,13,Sunny
2021-04-28,27.0,60,2.2,12,Sunny
2021-04-29,26.3,64,4.8,19,Sunny
2021-04-30,26.3,75,10.3,11,Rainy
2021-05-01,27.1,65,0.0,20,Sunny
2021-05-02,29.7,67,24.1,15,Heavy Rain
2021-05-03,29.3,74,0.3,12,Sunny
2021-05-04,29.3,70,25.2,16,Heavy Rain
2021-05-05,28.2,67,12.6,9,Rainy
2021-05-06,30.5,71,1.4,11,Sunny
2021-05-07,28.6,74,12.4,10,Rainy
2021-05-08,27.4,62,0.0,8,Sunny
2021-05-09,28.8,66,0.0,10,Sunny
2021-05-10,29.1,68,0.0,12,Sunny
2021-05-11,27.5,72,22.1,16,Heavy Rain
2021-05-12,30.3,67,7.1,17,Rainy
2021-05-13,28.7,65,1.0,12,Sunny
2021-05-14,29.6,62,8.4,18,Rainy
2021-05-15,29.2,68,19.3,18,Heavy Rain
2021-05-16,29.2,68,0.0,16,Sunny
2021-05-17,28.5,74,6.6,9,Rainy
2021-05-18,28.5,74,1.0,22,Sunny
2021-05-19,30.6,74,2.7,12,Sunny
2021-05-20,30.7,64,19.0,10,Heavy Rain
2021-05-21,30.9,77,13.8,18,Rainy
2021-05-22,29.8,72,19.1,13,Heavy Rain
2021-05-23,29.6,72,1.4,12,Sunny
2021-05-24,28.8,78,0.0,21,Sunny
2021-05-25,28.3,71,10.9,13,Rainy
2021-05-26,29.2,69,8.1,16,Rainy
2021-05-27,30.4,71,17.1,18,Heavy Rain
2021-05-28,27.9,76,0.0,15,Sunny
2021-05-29,29.8,70,25.8,22,Heavy Rain
2021-05-30,28.4,60,4.0,16,Sunny
2021-05-31,27.2,79,19.3,12,Heavy Rain
2021-06-01,27.4,87,14.6,17,Rainy
2021-06-02,30.2,90,11.8,11,Rainy
2021-06-03,30.6,80,35.1,11,Heavy Rain
2021-06-04,28.6,90,0.0,13,Cloudy
2021-06-05,30.9,92,30.9,21,Heavy Rain
2021-06-06,28.7,87,0.0,22,Cloudy
2021-06-07,30.8,92,28.5,14,Heavy Rain
2021-06-08,28.4,90,0.0,11,Cloudy
2021-06-09,27.0,84,12.5,21,Rainy
2021-06-10,29.1,83,14.5,11,Rainy
2021-06-11,29.3,80,27.4,16,Heavy Rain
2021-06-12,28.1,83,31.0,9,Heavy Rain
2021-06-13,29.0,83,0.0,19,Sunny
2021-06-14,30.0,92,3.3,20,Cloudy
2021-06-15,30.8,91,0.0,8,Cloudy
2021-06-16,29.7,92,12.1,13,Rainy
2021-06-17,29.6,87,10.7,21,Rainy
2021-06-18,29.4,86,15.1,21,Heavy Rain
2021-06-19,29.6,85,22.4,15,Heavy Rain
2021-06-20,27.8,92,35.2,14,Heavy Rain
2021-06-21,29.9,90,24.6,18,Heavy Rain
2021-06-22,28.7,92,2.0,22,Cloudy
2021-06-23,29.3,92,36.1,22,Heavy Rain
2021-06-24,29.5,88,54.5,19,Heavy Rain
2021-06-25,28.5,80,19.3,12,Heavy Rain
2021-06-26,31.0,84,26.0,11,Heavy Rain
2021-06-27,29.9,85,23.6,14,Heavy Rain
2021-06-28,30.3,84,40.5,12,Heavy Rain
2021-06-29,27.2,87,27.6,18,Heavy Rain
2021-06-30,27.2,87,30.4,11,Heavy Rain
2021-07-01,26.9,86,23.6,9,Heavy Rain
2021-07-02,26.1,90,15.4,20,Heavy Rain
2021-07-03,27.2,82,0.0,9,Sunny
2021-07-04,26.0,90,8.6,12,Rainy
2021-07-05,26.4,90,26.3,11,Heavy Rain
2021-07-06,29.7,83,29.5,11,Heavy Rain
2021-07-07,29.4,87,40.9,10,Heavy Rain
2021-07-08,29.3,86,11.3,20,Rainy
2021-07-09,28.5,88,7.6,16,Rainy
2021-07-10,29.9,82,14.8,8,Rainy
2021-07-11,27.2,84,34.4,9,Heavy Rain
2021-07-12,29.0,90,12.6,10,Rainy
2021-07-13,27.1,88,20.9,10,Heavy Rain
2021-07-14,28.0,80,28.3,16,Heavy Rain
2021-07-15,27.6,86,7.5,21,Rainy
2021-07-16,26.8,84,2.3,19,Sunny
2021-07-17,27.3,88,39.2,16,Heavy Rain
2021-07-18,26.2,90,24.1,12,Heavy Rain
2021-07-19,29.2,84,0.0,12,Sunny
2021-07-20,28.3,84,14.2,13,Rainy
2021-07-21,28.1,81,27.1,20,Heavy Rain
2021-07-22,29.3,80,26.9,8,Heavy Rain
2021-07-23,29.9,82,0.0,11,Sunny
2021-07-24,27.3,88,7.0,12,Rainy
2021-07-25,29.3,91,15.0,16,Rainy
2021-07-26,26.3,91,17.7,14,Heavy Rain
2021-07-27,27.0,92,30.7,17,Heavy Rain
2021-07-28,28.6,88,33.6,18,Heavy Rain
2021-07-29,28.7,91,23.8,10,Heavy Rain
2021-07-30,29.6,86,11.4,16,Rainy
2021-07-31,29.2,92,21.6,22,Heavy Rain
2021-08-01,28.1,88,29.9,9,Heavy Rain
2021-08-02,29.2,89,15.5,8,Heavy Rain
2021-08-03,29.8,88,0.0,8,Cloudy
2021-08-04,28.9,90,0.0,13,Cloudy
2021-08-05,28.8,80,5.1,9,Rainy
2021-08-06,29.6,85,25.0,14,Heavy Rain
2021-08-07,26.3,89,7.2,20,Rainy
2021-08-08,28.9,90,0.0,13,Cloudy
2021-08-09,26.9,83,11.7,13,Rainy
2021-08-10,29.0,87,0.0,8,Cloudy
2021-08-11,28.1,91,13.2,17,Rainy
2021-08-12,27.7,82,31.4,17,Heavy Rain
2021-08-13,29.0,83,16.8,21,Heavy Rain
2021-08-14,28.0,89,0.0,21,Cloudy
2021-08-15,27.4,88,17.5,21,Heavy Rain
2021-08-16,27.2,84,16.5,11,Heavy Rain
2021-08-17,26.5,80,29.9,20,Heavy Rain
2021-08-18,27.3,86,17.0,19,Heavy Rain
2021-08-19,29.9,86,38.1,13,Heavy Rain
2021-08-20,27.8,84,1.2,15,Sunny
2021-08-21,26.9,88,7.5,10,Rainy
2021-08-22,27.7,88,33.5,18,Heavy Rain
2021-08-23,26.9,82,23.8,18,Heavy Rain
2021-08-24,27.2,81,25.5,15,Heavy Rain
2021-08-25,28.3,84,21.3,10,Heavy Rain
2021-08-26,28.0,82,16.1,8,Heavy Rain
2021-08-27,26.0,85,41.2,10,Heavy Rain
2021-08-28,28.2,91,26.0,12,Heavy Rain
2021-08-29,29.1,85,16.5,22,Heavy Rain
2021-08-30,29.2,88,0.0,16,Cloudy
2021-08-31,27.9,88,20.3,9,Heavy Rain
2021-09-01,28.0,80,15.1,9,Heavy Rain
2021-09-02,27.7,90,9.1,9,Rainy
2021-09-03,27.8,80,16.7,21,Heavy Rain
2021-09-04,25.9,89,4.0,20,Cloudy
2021-09-05,27.5,83,15.6,10,Heavy Rain
2021-09-06,25.9,86,19.6,9,Heavy Rain
2021-09-07,25.9,90,4.7,8,Cloudy
2021-09-08,27.4,84,1.3,13,Sunny
2021-09-09,27.8,85,9.8,12,Rainy
2021-09-10,26.1,87,11.2,9,Rainy
2021-09-11,26.8,80,0.0,8,Sunny
2021-09-12,28.6,80,6.4,8,Rainy
2021-09-13,25.6,91,19.6,22,Heavy Rain
2021-09-14,27.0,92,16.8,9,Heavy Rain
2021-09-15,26.2,91,15.6,15,Heavy Rain
2021-09-16,28.4,90,12.2,8,Rainy
2021-09-17,25.3,84,10.7,14,Rainy
2021-09-18,26.8,89,4.3,10,Cloudy
2021-09-19,25.9,84,6.9,19,Rainy
2021-09-20,28.4,83,9.2,16,Rainy
2021-09-21,27.5,82,0.0,10,Sunny
2021-09-22,27.5,89,0.0,11,Cloudy
2021-09-23,27.8,87,17.0,20,Heavy Rain
2021-09-24,25.9,86,0.0,16,Cloudy
2021-09-25,28.7,86,26.6,12,Heavy Rain
2021-09-26,26.2,92,14.5,20,Rainy
2021-09-27,26.0,82,22.2,13,Heavy Rain
2021-09-28,27.6,87,16.7,21,Heavy Rain
2021-09-29,28.2,81,12.5,13,Rainy
2021-09-30,28.0,82,3.6,22,Sunny
2021-10-01,26.2,76,7.7,21,Rainy
2021-10-02,25.3,61,0.0,16,Sunny
2021-10-03,26.8,77,0.0,14,Sunny
2021-10-04,28.9,64,1.2,18,Sunny
2021-10-05,28.5,68,0.6,21,Sunny
2021-10-06,25.1,62,4.9,17,Sunny
2021-10-07,25.5,70,0.0,10,Sunny
2021-10-08,28.6,79,0.9,10,Sunny
2021-10-09,25.4,76,0.0,17,Sunny
2021-10-10,25.3,80,3.8,11,Sunny
2021-10-11,28.5,63,15.6,14,Heavy Rain
2021-10-12,27.3,61,0.0,11,Sunny
2021-10-13,27.6,71,4.3,22,Sunny
2021-10-14,26.3,75,0.0,17,Sunny
2021-10-15,26.1,72,4.8,15,Sunny
2021-10-16,25.4,75,0.0,14,Sunny
2021-10-17,26.1,63,0.0,22,Sunny
2021-10-18,27.3,70,3.1,16,Sunny
2021-10-19,26.7,73,6.7,17,Rainy
2021-10-20,27.9,71,0.0,19,Sunny
2021-10-21,28.9,70,0.1,18,Sunny
2021-10-22,28.2,72,0.0,15,Sunny
2021-10-23,25.7,66,0.0,10,Sunny
2021-10-24,28.1,74,0.0,8,Sunny
2021-10-25,26.6,60,0.5,15,Sunny
2021-10-26,28.5,80,0.5,19,Sunny
2021-10-27,28.9,66,0.5,16,Sunny
2021-10-28,26.5,76,0.0,19,Sunny
2021-10-29,26.4,77,0.2,21,Sunny
2021-10-30,27.6,76,1.3,19,Sunny
2021-10-31,25.3,76,0.0,19,Sunny
2021-11-01,22.8,68,4.2,15,Sunny
2021-11-02,23.5,74,0.7,22,Sunny
2021-11-03,22.6,67,0.0,13,Sunny
2021-11-04,23.9,80,0.7,17,Sunny
2021-11-05,23.0,79,0.0,15,Sunny
2021-11-06,25.4,66,3.8,21,Sunny
2021-11-07,24.9,76,0.0,21,Sunny
2021-11-08,22.0,61,0.0,16,Sunny
2021-11-09,25.2,68,9.7,15,Rainy
2021-11-10,24.7,75,0.0,22,Sunny
2021-11-11,23.6,71,1.7,20,Sunny
2021-11-12,24.0,78,4.7,17,Sunny
2021-11-13,25.1,63,0.0,21,Sunny
2021-11-14,22.0,68,6.8,8,Rainy
2021-11-15,25.3,76,4.8,17,Sunny
2021-11-16,24.1,62,0.2,13,Sunny
2021-11-17,25.2,78,0.0,16,Sunny
2021-11-18,24.4,69,0.0,16,Sunny
2021-11-19,26.0,60,0.0,15,Sunny
2021-11-20,25.7,63,0.2,18,Sunny
2021-11-21,24.8,76,0.0,9,Sunny
2021-11-22,23.3,63,5.1,15,Rainy
2021-11-23,23.4,70,9.1,15,Rainy
2021-11-24,23.8,64,0.0,22,Sunny
2021-11-25,22.4,66,4.8,19,Sunny
2021-11-26,23.0,74,7.4,21,Rainy
2021-11-27,23.8,76,2.8,17,Sunny
2021-11-28,24.2,76,9.0,12,Rainy
2021-11-29,25.1,70,0.5,15,Sunny
2021-11-30,25.4,76,2.0,22,Sunny
2021-12-01,19.0,75,3.6,20,Sunny
2021-12-02,20.4,71,5.3,8,Rainy
2021-12-03,20.5,78,0.0,20,Sunny
2021-12-04,20.5,70,6.7,16,Rainy
2021-12-05,22.8,62,0.0,16,Sunny
2021-12-06,22.3,72,0.0,8,Sunny
2021-12-07,22.0,61,0.0,10,Sunny
2021-12-08,20.7,63,1.9,21,Sunny
2021-12-09,20.9,72,0.0,10,Sunny
2021-12-10,21.2,70,2.6,10,Sunny
2021-12-11,19.5,62,0.0,18,Sunny
2021-12-12,21.1,69,4.7,20,Sunny
2021-12-13,23.0,61,9.3,17,Rainy
2021-12-14,21.1,60,4.4,12,Sunny
2021-12-15,19.7,68,4.9,21,Sunny
2021-12-16,22.5,62,0.4,18,Sunny
2021-12-17,19.9,69,1.5,12,Sunny
2021-12-18,21.1,71,2.5,22,Sunny
2021-12-19,19.1,77,0.3,11,Sunny
2021-12-20,21.2,60,0.0,15,Sunny
2021-12-21,21.8,63,2.4,18,Sunny
2021-12-22,19.1,68,3.8,19,Sunny
2021-12-23,22.6,64,0.1,17,Sunny
2021-12-24,22.9,68,5.2,18,Rainy
2021-12-25,20.8,79,5.8,16,Rainy
2021-12-26,20.1,69,3.5,20,Sunny
2021-12-27,20.8,67,2.7,16,Sunny
2021-12-28,19.3,61,0.0,20,Sunny
2021-12-29,20.7,76,0.0,16,Sunny
2021-12-30,21.6,67,0.0,11,Sunny
2021-12-31,22.2,74,2.1,12,Sunny
2022-01-01,19.7,80,3.0,16,Sunny
2022-01-02,21.7,70,0.7,13,Sunny
2022-01-03,21.0,62,6.6,10,Rainy
2022-01-04,19.2,74,3.6,22,Sunny
2022-01-05,21.0,65,4.8,18,Sunny
2022-01-06,23.0,80,0.0,15,Sunny
2022-01-07,20.0,78,1.5,18,Sunny
2022-01-08,22.2,70,3.0,10,Sunny
2022-01-09,22.4,64,0.6,12,Sunny
2022-01-10,21.7,73,12.1,8,Rainy
2022-01-11,21.9,60,11.1,9,Rainy
2022-01-12,23.0,75,11.0,11,Rainy
2022-01-13,19.5,60,0.0,12,Sunny
2022-01-14,19.3,80,0.8,20,Sunny
2022-01-15,21.1,72,0.0,19,Sunny
2022-01-16,20.3,69,4.6,16,Sunny
2022-01-17,19.6,61,2.4,11,Sunny
2022-01-18,21.3,72,9.2,16,Rainy
2022-01-19,20.8,65,2.2,17,Sunny
2022-01-20,19.9,64,0.1,14,Sunny
2022-01-21,22.8,80,0.0,13,Sunny
2022-01-22,20.9,64,0.0,16,Sunny
2022-01-23,20.9,80,0.0,21,Sunny
2022-01-24,20.3,65,0.0,11,Sunny
2022-01-25,22.5,77,5.3,19,Rainy
2022-01-26,21.6,62,3.5,12,Sunny
2022-01-27,22.9,80,0.0,14,Sunny
2022-01-28,19.1,75,0.0,13,Sunny
2022-01-29,22.2,76,0.0,22,Sunny
2022-01-30,22.3,62,0.0,15,Sunny
2022-01-31,19.7,69,11.7,9,Rainy
2022-02-01,19.9,65,0.0,16,Sunny
2022-02-02,21.0,67,0.0,21,Sunny
2022-02-03,19.4,61,7.5,11,Rainy
2022-02-04,19.1,70,0.0,8,Sunny
2022-02-05,22.8,68,0.0,10,Sunny
2022-02-06,19.3,68,11.1,11,Rainy
2022-02-07,20.0,80,1.0,14,Sunny
2022-02-08,19.6,67,6.3,13,Rainy
2022-02-09,22.0,78,0.0,21,Sunny
2022-02-10,19.5,80,0.3,12,Sunny
2022-02-11,20.4,68,6.1,12,Rainy
2022-02-12,21.8,77,0.0,13,Sunny
2022-02-13,19.9,73,4.8,13,Sunny
2022-02-14,19.2,63,0.7,21,Sunny
2022-02-15,22.5,73,3.1,22,Sunny
2022-02-16,20.2,63,7.5,20,Rainy
2022-02-17,20.3,63,2.7,17,Sunny
2022-02-18,19.9,68,0.1,15,Sunny
2022-02-19,22.0,78,0.0,8,Sunny
2022-02-20,23.0,67,2.4,14,Sunny
2022-02-21,21.4,71,0.0,16,Sunny
2022-02-22,22.0,71,1.5,9,Sunny
2022-02-23,22.1,75,2.2,19,Sunny
2022-02-24,21.0,79,1.9,10,Sunny
2022-02-25,22.3,75,4.7,9,Sunny
2022-02-26,22.1,76,0.0,18,Sunny
2022-02-27,22.2,65,1.1,8,Sunny
2022-02-28,20.5,68,0.0,17,Sunny
2022-03-01,27.6,62,0.0,18,Sunny
2022-03-02,25.2,62,5.9,10,Rainy
2022-03-03,25.5,80,5.0,19,Sunny
2022-03-04,25.8,74,2.3,17,Sunny
2022-03-05,27.8,71,9.3,16,Rainy
2022-03-06,26.4,60,0.0,11,Sunny
2022-03-07,27.5,65,0.0,14,Sunny
2022-03-08,28.4,67,0.0,21,Sunny
2022-03-09,25.8,79,4.3,18,Sunny
2022-03-10,28.2,78,0.0,13,Sunny
2022-03-11,26.5,71,4.6,10,Sunny
2022-03-12,25.9,68,0.0,20,Sunny
2022-03-13,27.2,64,8.5,9,Rainy
2022-03-14,28.7,61,0.0,16,Sunny
2022-03-15,27.0,64,0.0,18,Sunny
2022-03-16,25.4,74,3.9,18,Sunny
2022-03-17,27.8,66,0.0,10,Sunny
2022-03-18,25.4,79,0.0,8,Sunny
2022-03-19,26.8,79,5.8,10,Rainy
2022-03-20,25.5,66,0.0,8,Sunny
2022-03-21,26.0,70,6.0,15,Rainy
2022-03-22,27.2,64,5.9,16,Rainy
2022-03-23,26.0,61,2.4,8,Sunny
2022-03-24,27.4,72,0.0,9,Sunny
2022-03-25,27.6,61,0.0,17,Sunny
2022-03-26,27.9,61,1.8,22,Sunny
2022-03-27,25.9,62,3.6,13,Sunny
2022-03-28,26.1,61,0.0,10,Sunny
2022-03-29,26.3,70,1.5,20,Sunny
2022-03-30,25.2,77,5.4,21,Rainy
2022-03-31,25.6,79,4.3,11,Sunny
2022-04-01,27.6,71,1.4,19,Sunny
2022-04-02,28.8,70,0.9,19,Sunny
2022-04-03,28.9,79,6.2,17,Rainy
2022-04-04,25.3,60,4.9,10,Sunny
2022-04-05,27.5,64,10.3,8,Rainy
2022-04-06,28.7,71,8.1,11,Rainy
2022-04-07,27.6,73,11.9,13,Rainy
2022-04-08,27.6,73,6.5,20,Rainy
2022-04-09,28.1,64,6.5,12,Rainy
2022-04-10,27.1,67,1.5,14,Sunny
2022-04-11,26.3,64,6.9,11,Rainy
2022-04-12,28.6,77,0.0,22,Sunny
2022-04-13,25.2,68,3.6,15,Sunny
2022-04-14,28.2,63,0.0,16,Sunny
2022-04-15,26.4,62,0.9,15,Sunny
2022-04-16,28.3,61,0.0,10,Sunny
2022-04-17,25.9,70,7.0,17,Rainy
2022-04-18,26.5,67,0.3,10,Sunny
2022-04-19,26.2,73,0.3,8,Sunny
2022-04-20,28.7,73,0.0,12,Sunny
2022-04-21,28.8,70,0.0,16,Sunny
2022-04-22,27.1,74,0.0,8,Sunny
2022-04-23,25.5,71,11.4,12,Rainy
2022-04-24,27.0,75,0.0,9,Sunny
2022-04-25,26.5,80,2.4,14,Sunny
2022-04-26,28.1,70,3.4,16,Sunny
2022-04-27,26.0,64,2.5,17,Sunny
2022-04-28,28.0,78,0.0,21,Sunny
2022-04-29,25.4,62,4.2,19,Sunny
2022-04-30,27.5,73,2.3,8,Sunny
2022-05-01,28.8,66,0.0,18,Sunny
2022-05-02,30.3,72,2.7,13,Sunny
2022-05-03,28.4,71,1.3,21,Sunny
2022-05-04,28.1,60,3.1,15,Sunny
2022-05-05,29.1,72,16.7,11,Heavy Rain
2022-05-06,30.2,71,0.6,22,Sunny
2022-05-07,29.8,60,0.0,8,Sunny
2022-05-08,29.3,62,21.0,19,Heavy Rain
2022-05-09,28.4,72,20.7,20,Heavy Rain
2022-05-10,29.7,72,0.6,12,Sunny
2022-05-11,27.6,74,20.4,11,Heavy Rain
2022-05-12,27.4,61,19.8,19,Heavy Rain
2022-05-13,30.1,73,0.0,19,Sunny
2022-05-14,30.4,62,20.1,21,Heavy Rain
2022-05-15,28.4,70,14.5,20,Rainy
2022-05-16,30.3,63,8.9,12,Rainy
2022-05-17,30.8,67,21.0,18,Heavy Rain
2022-05-18,27.0,69,5.8,21,Rainy
2022-05-19,30.4,72,0.3,14,Sunny
2022-05-20,29.3,64,5.8,21,Rainy
2022-05-21,28.4,68,19.4,20,Heavy Rain
2022-05-22,28.7,79,9.5,9,Rainy
2022-05-23,30.2,70,12.8,14,Rainy
2022-05-24,29.5,75,0.0,20,Sunny
2022-05-25,29.4,71,19.9,9,Heavy Rain
2022-05-26,29.8,72,0.0,15,Sunny
2022-05-27,27.5,62,18.0,18,Heavy Rain
2022-05-28,28.9,62,23.1,13,Heavy Rain
2022-05-29,29.5,68,10.9,8,Rainy
2022-05-30,30.7,75,11.0,17,Rainy
2022-05-31,28.1,80,19.7,8,Heavy Rain
2022-06-01,29.1,83,14.8,20,Rainy
2022-06-02,29.0,83,12.5,20,Rainy
2022-06-03,28.2,85,31.2,14,Heavy Rain
2022-06-04,27.8,91,14.0,8,Rainy
2022-06-05,27.0,88,17.8,21,Heavy Rain
2022-06-06,28.9,91,17.9,10,Heavy Rain
2022-06-07,29.8,84,18.2,10,Heavy Rain
2022-06-08,29.4,91,3.0,9,Cloudy
2022-06-09,27.9,91,23.1,17,Heavy Rain
2022-06-10,28.6,88,52.7,19,Heavy Rain
2022-06-11,29.7,80,12.7,18,Rainy
2022-06-12,30.0,92,9.8,20,Rainy
2022-06-13,28.0,86,22.4,11,Heavy Rain
2022-06-14,30.5,92,0.0,20,Cloudy
2022-06-15,27.4,82,47.7,22,Heavy Rain
2022-06-16,29.9,84,15.9,18,Heavy Rain
2022-06-17,27.6,85,42.9,9,Heavy Rain
2022-06-18,30.7,80,12.6,16,Rainy
2022-06-19,29.1,88,12.3,8,Rainy
2022-06-20,27.4,83,32.0,15,Heavy Rain
2022-06-21,28.2,84,26.9,17,Heavy Rain
2022-06-22,28.0,89,38.1,16,Heavy Rain
2022-06-23,28.2,85,34.3,20,Heavy Rain
2022-06-24,30.4,90,23.2,22,Heavy Rain
2022-06-25,30.8,84,13.3,13,Rainy
2022-06-26,29.4,83,27.3,10,Heavy Rain
2022-06-27,30.2,90,14.4,19,Rainy
2022-06-28,27.2,82,27.4,13,Heavy Rain
2022-06-29,30.3,86,35.6,11,Heavy Rain
2022-06-30,28.5,89,29.9,20,Heavy Rain
2022-07-01,29.1,87,47.0,21,Heavy Rain
2022-07-02,27.1,89,34.9,14,Heavy Rain
2022-07-03,27.1,89,8.2,8,Rainy
2022-07-04,29.6,84,27.4,22,Heavy Rain
2022-07-05,28.1,83,27.6,21,Heavy Rain
2022-07-06,28.6,83,37.6,18,Heavy Rain
2022-07-07,27.8,80,39.5,13,Heavy Rain
2022-07-08,27.0,88,43.0,18,Heavy Rain
2022-07-09,27.1,81,12.4,11,Rainy
2022-07-10,26.8,86,29.1,12,Heavy Rain
2022-07-11,29.3,81,24.1,17,Heavy Rain
2022-07-12,26.6,84,15.5,9,Heavy Rain
2022-07-13,28.8,82,0.0,22,Sunny
2022-07-14,28.4,89,22.6,9,Heavy Rain
2022-07-15,26.9,85,18.8,14,Heavy Rain
2022-07-16,26.8,87,38.0,11,Heavy Rain
2022-07-17,26.7,87,17.8,15,Heavy Rain
2022-07-18,27.3,84,49.0,18,Heavy Rain
2022-07-19,29.8,82,28.5,9,Heavy Rain
2022-07-20,26.0,84,21.2,18,Heavy Rain
2022-07-21,26.8,82,0.0,19,Sunny
2022-07-22,28.6,89,29.7,14,Heavy Rain
2022-07-23,28.3,80,34.0,11,Heavy Rain
2022-07-24,29.4,91,38.1,11,Heavy Rain
2022-07-25,29.2,84,23.0,8,Heavy Rain
2022-07-26,28.5,83,19.2,18,Heavy Rain
2022-07-27,29.5,91,13.1,11,Rainy
2022-07-28,26.7,87,26.2,8,Heavy Rain
2022-07-29,26.6,87,3.4,18,Cloudy
2022-07-30,29.3,90,14.3,11,Rainy
2022-07-31,26.7,89,0.0,21,Cloudy
2022-08-01,27.8,83,0.4,20,Sunny
2022-08-02,26.2,90,18.0,12,Heavy Rain
2022-08-03,28.3,91,36.8,19,Heavy Rain
2022-08-04,26.8,82,24.9,9,Heavy Rain
2022-08-05,29.4,89,31.4,8,Heavy Rain
2022-08-06,27.6,88,29.9,20,Heavy Rain
2022-08-07,30.0,84,0.0,15,Sunny
2022-08-08,27.7,88,65.2,11,Heavy Rain
2022-08-09,27.9,92,22.5,11,Heavy Rain
2022-08-10,27.5,84,21.1,8,Heavy Rain
2022-08-11,26.4,88,24.9,17,Heavy Rain
2022-08-12,29.8,83,44.7,20,Heavy Rain
2022-08-13,26.3,86,7.8,8,Rainy
2022-08-14,27.1,87,23.3,20,Heavy Rain
2022-08-15,29.4,83,21.7,18,Heavy Rain
2022-08-16,27.8,86,34.6,12,Heavy Rain
2022-08-17,29.0,90,19.6,11,Heavy Rain
2022-08-18,28.6,87,17.8,20,Heavy Rain
2022-08-19,26.1,80,4.9,16,Sunny
2022-08-20,29.3,86,0.0,13,Cloudy
2022-08-21,27.4,88,36.0,16,Heavy Rain
2022-08-22,28.1,85,31.8,19,Heavy Rain
2022-08-23,26.2,89,42.6,14,Heavy Rain
2022-08-24,27.5,83,41.2,13,Heavy Rain
2022-08-25,27.1,84,17.4,22,Heavy Rain
2022-08-26,26.8,85,5.7,21,Rainy
2022-08-27,28.8,85,42.0,13,Heavy Rain
2022-08-28,27.2,82,31.2,22,Heavy Rain
2022-08-29,29.7,84,28.1,14,Heavy Rain
2022-08-30,29.0,89,51.4,19,Heavy Rain
2022-08-31,29.2,82,40.4,8,Heavy Rain
2022-09-01,28.6,90,12.1,12,Rainy
2022-09-02,28.4,87,0.0,19,Cloudy
2022-09-03,25.9,90,22.0,17,Heavy Rain
2022-09-04,25.5,88,26.4,21,Heavy Rain
2022-09-05,27.2,91,2.0,16,Cloudy
2022-09-06,28.0,81,18.1,18,Heavy Rain
2022-09-07,27.7,82,0.0,14,Sunny
2022-09-08,27.8,90,11.8,17,Rainy
2022-09-09,28.0,84,11.9,14,Rainy
2022-09-10,27.4,87,11.5,9,Rainy
2022-09-11,25.8,92,12.3,16,Rainy
2022-09-12,28.4,89,21.7,17,Heavy Rain
2022-09-13,26.7,82,20.1,19,Heavy Rain
2022-09-14,28.6,83,9.5,11,Rainy
2022-09-15,27.8,86,19.1,12,Heavy Rain
2022-09-16,26.5,84,4.2,15,Sunny
2022-09-17,27.8,92,16.8,13,Heavy Rain
2022-09-18,28.6,83,11.0,14,Rainy
2022-09-19,25.6,90,3.0,12,Cloudy
2022-09-20,25.4,86,9.7,10,Rainy
2022-09-21,27.9,87,30.8,8,Heavy Rain
2022-09-22,27.5,91,11.1,10,Rainy
2022-09-23,28.1,87,19.7,16,Heavy Rain
2022-09-24,28.4,87,9.1,22,Rainy
2022-09-25,28.4,80,1.9,20,Sunny
2022-09-26,28.4,87,11.6,21,Rainy
2022-09-27,25.6,90,22.7,21,Heavy Rain
2022-09-28,26.0,81,8.0,13,Rainy
2022-09-29,27.2,86,8.2,15,Rainy
2022-09-30,27.6,85,0.0,22,Sunny
2022-10-01,27.9,79,0.0,21,Sunny
2022-10-02,26.7,66,1.0,9,Sunny
2022-10-03,27.8,72,1.4,15,Sunny
2022-10-04,26.3,78,0.0,8,Sunny
2022-10-05,27.8,80,6.2,22,Rainy
2022-10-06,25.8,73,2.8,17,Sunny
2022-10-07,25.6,71,0.0,11,Sunny
2022-10-08,26.4,77,0.9,12,Sunny
2022-10-09,26.8,72,4.6,19,Sunny
2022-10-10,28.6,79,2.0,17,Sunny
2022-10-11,28.5,76,0.0,12,Sunny
2022-10-12,26.9,62,1.8,18,Sunny
2022-10-13,26.4,78,0.0,20,Sunny
2022-10-14,25.5,76,0.0,11,Sunny
2022-10-15,27.9,62,3.2,17,Sunny
2022-10-16,25.6,77,7.5,15,Rainy
2022-10-17,27.1,62,0.0,12,Sunny
2022-10-18,26.3,64,7.7,19,Rainy
2022-10-19,26.8,75,0.3,13,Sunny
2022-10-20,26.2,69,0.0,19,Sunny
2022-10-21,26.5,73,9.4,14,Rainy
2022-10-22,28.9,62,6.5,13,Rainy
2022-10-23,27.8,65,0.0,9,Sunny
2022-10-24,28.0,67,0.0,22,Sunny
2022-10-25,25.7,66,0.0,10,Sunny
2022-10-26,26.1,72,9.8,11,Rainy
2022-10-27,25.4,72,0.0,8,Sunny
2022-10-28,27.7,73,2.1,14,Sunny
2022-10-29,26.4,71,0.0,19,Sunny
2022-10-30,29.0,66,6.2,21,Rainy
2022-10-31,25.8,76,1.7,16,Sunny
2022-11-01,23.3,69,0.0,11,Sunny
2022-11-02,24.9,70,0.0,18,Sunny
2022-11-03,22.0,70,10.0,15,Rainy
2022-11-04,24.2,80,10.4,16,Rainy
2022-11-05,23.5,73,3.6,12,Sunny
2022-11-06,24.6,64,4.4,15,Sunny
2022-11-07,23.6,65,0.0,17,Sunny
2022-11-08,22.9,68,0.0,20,Sunny
2022-11-09,23.1,66,0.0,19,Sunny
2022-11-10,25.1,77,0.0,11,Sunny
2022-11-11,24.0,69,1.3,11,Sunny
2022-11-12,23.6,61,0.0,16,Sunny
2022-11-13,23.8,65,2.5,19,Sunny
2022-11-14,22.4,65,2.9,19,Sunny
2022-11-15,25.4,64,4.0,8,Sunny
2022-11-16,22.2,78,7.3,20,Rainy
2022-11-17,23.5,67,6.4,10,Rainy
2022-11-18,22.2,69,0.0,14,Sunny
2022-11-19,25.6,70,0.0,21,Sunny
2022-11-20,24.5,61,0.0,8,Sunny
2022-11-21,23.4,75,5.0,19,Sunny
2022-11-22,25.0,71,0.0,13,Sunny
2022-11-23,23.0,75,0.0,17,Sunny
2022-11-24,24.4,60,3.7,12,Sunny
2022-11-25,25.4,71,0.0,16,Sunny
2022-11-26,22.3,80,1.3,16,Sunny
2022-11-27,22.6,75,0.0,22,Sunny
2022-11-28,23.6,76,0.0,20,Sunny
2022-11-29,24.0,74,4.4,11,Sunny
2022-11-30,24.1,65,0.0,19,Sunny
2022-12-01,22.9,68,6.4,20,Rainy
2022-12-02,20.1,64,3.0,20,Sunny
2022-12-03,22.1,66,0.0,8,Sunny
2022-12-04,21.4,74,4.6,9,Sunny
2022-12-05,21.7,78,2.3,11,Sunny
2022-12-06,19.2,61,3.0,17,Sunny
2022-12-07,20.4,72,0.0,17,Sunny
2022-12-08,22.6,67,0.0,18,Sunny
2022-12-09,22.1,64,0.0,15,Sunny
2022-12-10,22.0,64,2.6,12,Sunny
2022-12-11,21.6,62,0.8,16,Sunny
2022-12-12,20.8,73,5.4,15,Rainy
2022-12-13,22.7,73,0.8,16,Sunny
2022-12-14,19.2,61,0.0,8,Sunny
2022-12-15,20.7,77,5.9,12,Rainy
2022-12-16,22.9,73,3.8,10,Sunny
2022-12-17,20.9,60,1.0,8,Sunny
2022-12-18,20.3,61,5.1,11,Rainy
2022-12-19,19.1,60,8.3,11,Rainy
2022-12-20,21.2,65,1.5,19,Sunny
2022-12-21,20.4,71,1.1,17,Sunny
2022-12-22,21.2,76,6.6,20,Rainy
2022-12-23,19.7,66,1.6,20,Sunny
2022-12-24,19.6,72,1.7,16,Sunny
2022-12-25,21.1,73,0.9,13,Sunny
2022-12-26,22.0,80,0.0,17,Sunny
2022-12-27,19.1,76,0.0,20,Sunny
2022-12-28,20.3,75,6.1,13,Rainy
2022-12-29,20.4,79,1.7,16,Sunny
2022-12-30,22.4,74,0.0,19,Sunny
2022-12-31,21.4,62,5.4,21,Rainy
2023-01-01,21.8,72,2.2,14,Sunny
2023-01-02,20.4,68,0.4,13,Sunny
2023-01-03,19.1,76,3.4,10,Sunny
2023-01-04,21.9,80,0.0,9,Sunny
2023-01-05,21.2,64,0.0,20,Sunny
2023-01-06,20.7,77,0.0,8,Sunny
2023-01-07,21.1,68,8.8,15,Rainy
2023-01-08,19.9,61,11.7,15,Rainy
2023-01-09,21.8,74,7.5,18,Rainy
2023-01-10,22.7,79,3.6,10,Sunny
2023-01-11,21.8,63,7.5,12,Rainy
2023-01-12,22.3,63,6.6,13,Rainy
2023-01-13,20.1,78,3.1,12,Sunny
2023-01-14,19.6,63,0.0,21,Sunny
2023-01-15,22.2,78,0.0,9,Sunny
2023-01-16,20.5,72,2.4,11,Sunny
2023-01-17,22.7,67,7.7,18,Rainy
2023-01-18,19.3,65,0.0,9,Sunny
2023-01-19,22.1,65,4.1,20,Sunny
2023-01-20,19.8,62,4.6,10,Sunny
2023-01-21,19.7,74,1.8,12,Sunny
2023-01-22,19.2,63,0.0,21,Sunny
2023-01-23,20.6,69,0.0,20,Sunny
2023-01-24,21.7,75,0.0,12,Sunny
2023-01-25,21.3,66,0.2,9,Sunny
2023-01-26,20.8,76,0.0,18,Sunny
2023-01-27,22.4,74,1.6,16,Sunny
2023-01-28,21.6,62,2.3,18,Sunny
2023-01-29,22.5,66,3.0,11,Sunny
2023-01-30,22.7,68,2.8,19,Sunny
2023-01-31,22.6,80,1.7,21,Sunny
2023-02-01,20.4,60,8.1,8,Rainy
2023-02-02,22.3,63,0.0,9,Sunny
2023-02-03,20.2,73,0.0,21,Sunny
2023-02-04,20.0,71,8.4,15,Rainy
2023-02-05,21.1,73,0.3,11,Sunny
2023-02-06,20.5,69,2.7,11,Sunny
2023-02-07,22.3,80,5.0,11,Sunny
2023-02-08,19.6,65,0.6,18,Sunny
2023-02-09,20.7,74,7.5,22,Rainy
2023-02-10,22.9,74,12.5,13,Rainy
2023-02-11,21.3,61,0.0,17,Sunny
2023-02-12,20.7,68,0.0,17,Sunny
2023-02-13,19.7,67,0.0,18,Sunny
2023-02-14,20.9,79,5.6,9,Rainy
2023-02-15,22.6,65,12.9,21,Rainy
2023-02-16,22.1,75,0.0,10,Sunny
2023-02-17,21.6,60,0.0,9,Sunny
2023-02-18,22.8,69,6.4,22,Rainy
2023-02-19,21.6,77,0.5,13,Sunny
2023-02-20,19.9,66,4.1,21,Sunny
2023-02-21,19.8,78,11.7,21,Rainy
2023-02-22,21.6,70,2.5,21,Sunny
2023-02-23,22.4,77,3.1,22,Sunny
2023-02-24,21.0,73,0.0,12,Sunny
2023-02-25,20.5,61,4.7,15,Sunny
2023-02-26,20.8,67,3.5,18,Sunny
2023-02-27,22.4,60,0.0,19,Sunny
2023-02-28,19.4,68,9.1,21,Rainy
2023-03-01,26.3,71,5.1,18,Rainy
2023-03-02,27.0,66,5.8,11,Rainy
2023-03-03,27.3,74,1.0,8,Sunny
2023-03-04,25.0,79,8.7,21,Rainy
2023-03-05,26.2,66,3.4,12,Sunny
2023-03-06,28.1,62,6.1,21,Rainy
2023-03-07,27.6,62,2.6,15,Sunny
2023-03-08,29.0,61,0.1,13,Sunny
2023-03-09,26.3,79,0.0,13,Sunny
2023-03-10,26.5,68,4.0,19,Sunny
2023-03-11,28.2,61,7.6,21,Rainy
2023-03-12,26.7,80,1.2,19,Sunny
2023-03-13,26.3,72,11.5,11,Rainy
2023-03-14,26.0,76,4.3,22,Sunny
2023-03-15,25.1,73,0.0,10,Sunny
2023-03-16,27.1,62,0.0,11,Sunny
2023-03-17,25.8,72,1.5,14,Sunny
2023-03-18,26.2,60,0.0,22,Sunny
2023-03-19,28.1,69,0.0,20,Sunny
2023-03-20,28.7,72,0.0,18,Sunny
2023-03-21,27.4,70,6.4,12,Rainy
2023-03-22,25.4,72,4.6,17,Sunny
2023-03-23,28.3,74,0.7,21,Sunny
2023-03-24,26.0,61,7.4,12,Rainy
2023-03-25,25.6,78,0.3,19,Sunny
2023-03-26,28.7,65,4.2,13,Sunny
2023-03-27,25.8,79,0.0,8,Sunny
2023-03-28,28.3,80,0.0,16,Sunny
2023-03-29,28.0,79,1.4,17,Sunny
2023-03-30,27.5,65,0.0,20,Sunny
2023-03-31,25.8,69,5.3,15,Rainy
2023-04-01,26.4,76,2.5,13,Sunny
2023-04-02,27.3,62,0.8,20,Sunny
2023-04-03,26.4,79,2.1,15,Sunny
2023-04-04,26.3,70,0.0,10,Sunny
2023-04-05,25.9,80,0.0,9,Sunny
2023-04-06,27.6,80,3.7,17,Sunny
2023-04-07,25.1,79,0.0,22,Sunny
2023-04-08,27.2,77,0.0,9,Sunny
2023-04-09,27.8,80,5.3,15,Rainy
2023-04-10,28.1,61,11.9,11,Rainy
2023-04-11,28.4,63,0.0,18,Sunny
2023-04-12,26.7,62,0.0,22,Sunny
2023-04-13,28.8,74,1.9,10,Sunny
2023-04-14,28.2,80,0.0,21,Sunny
2023-04-15,28.0,62,2.1,16,Sunny
2023-04-16,28.6,68,0.0,12,Sunny
2023-04-17,27.0,72,1.7,11,Sunny
2023-04-18,28.0,63,8.1,21,Rainy
2023-04-19,25.3,79,0.0,18,Sunny
2023-04-20,27.4,77,9.0,15,Rainy
2023-04-21,25.9,62,6.6,8,Rainy
2023-04-22,25.3,75,1.8,20,Sunny
2023-04-23,26.8,64,1.8,13,Sunny
2023-04-24,25.1,60,4.2,15,Sunny
2023-04-25,28.2,62,1.7,16,Sunny
2023-04-26,28.8,62,6.9,16,Rainy
2023-04-27,25.6,77,0.0,14,Sunny
2023-04-28,25.1,71,2.5,17,Sunny
2023-04-29,25.1,70,2.0,8,Sunny
2023-04-30,28.0,63,0.0,15,Sunny
2023-05-01,29.5,77,6.2,14,Rainy
2023-05-02,27.5,68,25.6,19,Heavy Rain
2023-05-03,30.6,75,8.5,19,Rainy
2023-05-04,28.8,77,0.0,22,Sunny
2023-05-05,27.2,73,0.0,14,Sunny
2023-05-06,30.3,60,0.0,17,Sunny
2023-05-07,28.8,73,20.9,11,Heavy Rain
2023-05-08,28.4,80,31.3,17,Heavy Rain
2023-05-09,28.5,76,13.2,17,Rainy
2023-05-10,29.4,62,0.0,13,Sunny
2023-05-11,28.1,69,27.4,12,Heavy Rain
2023-05-12,30.6,66,15.1,15,Heavy Rain
2023-05-13,30.4,68,18.4,16,Heavy Rain
2023-05-14,28.9,79,0.0,18,Sunny
2023-05-15,30.5,67,0.0,17,Sunny
2023-05-16,28.7,78,23.4,10,Heavy Rain
2023-05-17,27.9,77,10.7,16,Rainy
2023-05-18,27.9,65,9.7,15,Rainy
2023-05-19,27.3,68,7.8,11,Rainy
2023-05-20,28.5,80,25.6,11,Heavy Rain
2023-05-21,29.7,78,19.3,14,Heavy Rain
2023-05-22,29.1,78,14.9,12,Rainy
2023-05-23,27.6,64,13.1,13,Rainy
2023-05-24,28.2,64,14.7,14,Rainy
2023-05-25,29.3,67,5.3,14,Rainy
2023-05-26,27.4,63,17.3,13,Heavy Rain
2023-05-27,27.2,63,25.1,17,Heavy Rain
2023-05-28,27.9,60,0.0,14,Sunny
2023-05-29,28.8,66,20.7,9,Heavy Rain
2023-05-30,28.8,61,9.4,14,Rainy
2023-05-31,30.0,71,0.0,17,Sunny
2023-06-01,30.2,85,10.1,20,Rainy
2023-06-02,28.0,88,43.3,15,Heavy Rain
2023-06-03,27.8,84,13.5,16,Rainy
2023-06-04,29.5,81,6.8,8,Rainy
2023-06-05,30.5,85,22.1,19,Heavy Rain
2023-06-06,28.0,86,2.5,21,Cloudy
2023-06-07,29.7,88,19.9,21,Heavy Rain
2023-06-08,28.8,85,29.6,22,Heavy Rain
2023-06-09,30.1,92,0.0,12,Cloudy
2023-06-10,29.5,82,8.5,13,Rainy
2023-06-11,28.0,88,14.5,10,Rainy
2023-06-12,29.2,92,12.5,10,Rainy
2023-06-13,28.4,92,40.8,22,Heavy Rain
2023-06-14,29.9,86,27.9,15,Heavy Rain
2023-06-15,29.1,87,37.7,15,Heavy Rain
2023-06-16,30.8,89,30.6,17,Heavy Rain
2023-06-17,29.3,86,28.1,16,Heavy Rain
2023-06-18,30.6,84,2.1,13,Sunny
2023-06-19,28.8,81,5.3,22,Rainy
2023-06-20,28.9,84,48.1,9,Heavy Rain
2023-06-21,29.6,83,6.7,8,Rainy
2023-06-22,28.6,80,23.0,16,Heavy Rain
2023-06-23,28.6,80,34.3,22,Heavy Rain
2023-06-24,29.6,80,25.5,21,Heavy Rain
2023-06-25,29.8,90,30.5,14,Heavy Rain
2023-06-26,29.4,92,16.0,17,Heavy Rain
2023-06-27,29.2,90,21.3,14,Heavy Rain
2023-06-28,27.9,85,15.7,10,Heavy Rain
2023-06-29,27.3,86,29.4,11,Heavy Rain
2023-06-30,28.3,85,27.3,20,Heavy Rain
2023-07-01,29.5,90,4.5,21,Cloudy
2023-07-02,26.6,88,28.9,16,Heavy Rain
2023-07-03,27.0,87,38.5,11,Heavy Rain
2023-07-04,28.8,86,39.3,22,Heavy Rain
2023-07-05,28.9,91,29.3,14,Heavy Rain
2023-07-06,26.5,80,36.3,21,Heavy Rain
2023-07-07,27.5,89,4.3,15,Cloudy
2023-07-08,26.2,86,19.4,8,Heavy Rain
2023-07-09,29.6,84,14.4,13,Rainy
2023-07-10,29.1,86,30.8,8,Heavy Rain
2023-07-11,29.8,89,5.9,13,Rainy
2023-07-12,29.2,84,28.2,17,Heavy Rain
2023-07-13,28.6,92,13.7,11,Rainy
2023-07-14,29.5,80,15.2,22,Heavy Rain
2023-07-15,26.3,89,26.8,19,Heavy Rain
2023-07-16,27.1,87,29.9,13,Heavy Rain
2023-07-17,28.4,82,14.2,20,Rainy
2023-07-18,28.5,82,24.7,10,Heavy Rain
2023-07-19,29.8,90,8.6,13,Rainy
2023-07-20,28.7,82,41.0,22,Heavy Rain
2023-07-21,28.8,88,10.8,15,Rainy
2023-07-22,27.1,91,7.1,9,Rainy
2023-07-23,28.3,91,23.8,21,Heavy Rain
2023-07-24,27.4,84,11.0,13,Rainy
2023-07-25,29.7,81,42.1,21,Heavy Rain
2023-07-26,27.1,80,0.0,13,Sunny
2023-07-27,27.1,84,28.0,13,Heavy Rain
2023-07-28,26.5,91,45.8,14,Heavy Rain
2023-07-29,27.4,85,33.3,11,Heavy Rain
2023-07-30,29.7,91,13.7,15,Rainy
2023-07-31,29.9,84,17.4,13,Heavy Rain
2023-08-01,26.1,80,4.1,18,Sunny
2023-08-02,27.1,92,17.7,16,Heavy Rain
2023-08-03,28.3,85,31.8,14,Heavy Rain
2023-08-04,28.9,89,16.2,13,Heavy Rain
2023-08-05,27.8,81,13.1,10,Rainy
2023-08-06,28.9,85,40.5,16,Heavy Rain
2023-08-07,29.8,89,44.0,20,Heavy Rain
2023-08-08,27.1,88,23.4,22,Heavy Rain
2023-08-09,27.7,90,1.3,16,Cloudy
2023-08-10,29.7,86,41.4,14,Heavy Rain
2023-08-11,26.2,87,39.3,18,Heavy Rain
2023-08-12,26.3,82,34.5,20,Heavy Rain
2023-08-13,26.2,85,0.6,15,Sunny
2023-08-14,27.7,91,7.8,14,Rainy
2023-08-15,29.9,82,26.9,19,Heavy Rain
2023-08-16,28.2,84,0.0,22,Sunny
2023-08-17,27.3,80,9.1,8,Rainy
2023-08-18,29.5,81,0.0,18,Sunny
2023-08-19,29.6,92,37.2,14,Heavy Rain
2023-08-20,26.7,88,10.2,8,Rainy
2023-08-21,28.5,89,30.0,10,Heavy Rain
2023-08-22,28.4,89,0.0,18,Cloudy
2023-08-23,28.6,89,25.4,20,Heavy Rain
2023-08-24,26.7,90,20.8,21,Heavy Rain
2023-08-25,26.8,89,10.0,19,Rainy
2023-08-26,28.3,87,35.7,17,Heavy Rain
2023-08-27,26.8,85,23.3,22,Heavy Rain
2023-08-28,27.3,81,0.0,13,Sunny
2023-08-29,29.8,82,51.5,8,Heavy Rain
2023-08-30,27.9,89,25.0,20,Heavy Rain
2023-08-31,29.0,91,35.8,16,Heavy Rain
2023-09-01,25.2,85,14.4,20,Rainy
2023-09-02,26.5,91,4.1,22,Cloudy
2023-09-03,26.9,90,0.0,14,Cloudy
2023-09-04,25.1,87,22.6,12,Heavy Rain
2023-09-05,25.6,92,16.5,14,Heavy Rain
2023-09-06,27.6,92,5.9,15,Rainy
2023-09-07,29.0,90,14.2,21,Rainy
2023-09-08,25.4,88,4.5,18,Cloudy
2023-09-09,27.4,88,13.7,18,Rainy
2023-09-10,28.1,87,13.4,14,Rainy
2023-09-11,28.2,91,16.6,11,Heavy Rain
2023-09-12,27.9,90,6.5,19,Rainy
2023-09-13,27.5,80,14.2,22,Rainy
2023-09-14,26.4,89,0.0,18,Cloudy
2023-09-15,27.4,89,9.1,12,Rainy
2023-09-16,25.7,92,0.0,15,Cloudy
2023-09-17,28.0,91,0.0,14,Cloudy
2023-09-18,26.0,90,8.5,16,Rainy
2023-09-19,25.9,90,9.1,18,Rainy
2023-09-20,26.9,87,0.0,16,Cloudy
2023-09-21,27.6,90,3.4,17,Cloudy
2023-09-22,26.4,92,0.0,16,Cloudy
2023-09-23,27.7,80,15.5,10,Heavy Rain
2023-09-24,28.5,81,12.2,14,Rainy
2023-09-25,26.7,88,18.6,17,Heavy Rain
2023-09-26,27.8,89,17.8,10,Heavy Rain
2023-09-27,25.6,92,0.0,16,Cloudy
2023-09-28,25.0,87,20.5,12,Heavy Rain
2023-09-29,28.3,91,6.8,15,Rainy
2023-09-30,28.5,90,20.0,10,Heavy Rain
2023-10-01,25.2,66,2.1,18,Sunny
2023-10-02,28.8,69,8.6,20,Rainy
2023-10-03,26.9,80,9.3,8,Rainy
2023-10-04,26.8,74,4.6,8,Sunny
2023-10-05,28.3,78,10.2,19,Rainy
2023-10-06,25.9,61,1.2,22,Sunny
2023-10-07,28.1,68,0.0,11,Sunny
2023-10-08,28.3,72,8.3,13,Rainy
2023-10-09,26.3,66,10.3,22,Rainy
2023-10-10,28.8,68,0.0,13,Sunny
2023-10-11,26.2,80,3.8,19,Sunny
2023-10-12,27.9,75,4.4,16,Sunny
2023-10-13,28.8,62,3.6,18,Sunny
2023-10-14,28.1,76,5.3,9,Rainy
2023-10-15,26.0,70,0.0,9,Sunny
2023-10-16,26.5,63,0.0,17,Sunny
2023-10-17,26.7,61,8.1,18,Rainy
2023-10-18,27.3,74,3.8,18,Sunny
2023-10-19,27.1,74,6.6,15,Rainy
2023-10-20,27.1,68,4.5,13,Sunny
2023-10-21,28.1,61,0.0,17,Sunny
2023-10-22,28.0,62,0.7,16,Sunny
2023-10-23,26.5,68,2.5,11,Sunny
2023-10-24,27.3,66,0.0,9,Sunny
2023-10-25,26.8,65,4.3,9,Sunny
2023-10-26,28.1,68,10.5,21,Rainy
2023-10-27,26.1,77,0.0,17,Sunny
2023-10-28,27.0,72,0.0,15,Sunny
2023-10-29,26.3,77,0.0,15,Sunny
2023-10-30,27.3,69,3.3,20,Sunny
2023-10-31,26.5,62,2.3,21,Sunny
2023-11-01,22.3,80,0.0,17,Sunny
2023-11-02,24.2,80,6.3,10,Rainy
2023-11-03,25.7,61,2.4,17,Sunny
2023-11-04,22.3,69,0.0,11,Sunny
2023-11-05,23.7,74,6.8,20,Rainy
2023-11-06,24.7,72,11.8,15,Rainy
2023-11-07,22.0,78,0.0,12,Sunny
2023-11-08,22.4,76,3.2,11,Sunny
2023-11-09,22.2,62,4.9,18,Sunny
2023-11-10,23.5,60,6.1,18,Rainy
2023-11-11,23.8,76,0.0,18,Sunny
2023-11-12,22.2,60,0.0,14,Sunny
2023-11-13,23.1,79,8.2,12,Rainy
2023-11-14,25.0,70,0.0,17,Sunny
2023-11-15,24.8,66,0.0,8,Sunny
2023-11-16,26.0,73,2.0,9,Sunny
2023-11-17,24.2,73,0.0,21,Sunny
2023-11-18,25.8,67,2.2,16,Sunny
2023-11-19,23.5,66,1.2,9,Sunny
2023-11-20,25.3,74,0.9,22,Sunny
2023-11-21,23.4,79,6.4,22,Rainy
2023-11-22,23.9,68,6.4,9,Rainy
2023-11-23,22.5,73,0.0,10,Sunny
2023-11-24,25.2,74,0.0,15,Sunny
2023-11-25,23.1,60,1.4,19,Sunny
2023-11-26,25.9,74,5.8,9,Rainy
2023-11-27,23.3,65,0.1,8,Sunny
2023-11-28,23.9,60,3.1,11,Sunny
2023-11-29,24.9,65,0.0,11,Sunny
2023-11-30,22.5,79,0.0,11,Sunny
2023-12-01,21.6,61,3.8,11,Sunny
2023-12-02,22.6,75,0.0,10,Sunny
2023-12-03,19.7,71,0.5,11,Sunny
2023-12-04,20.7,72,5.8,21,Rainy
2023-12-05,20.0,69,0.0,11,Sunny
2023-12-06,21.1,71,0.0,22,Sunny
2023-12-07,20.6,70,4.2,19,Sunny
2023-12-08,22.3,67,9.3,17,Rainy
2023-12-09,20.8,78,0.0,20,Sunny
2023-12-10,19.9,62,9.9,10,Rainy
2023-12-11,19.3,63,9.6,22,Rainy
2023-12-12,22.7,62,7.3,13,Rainy
2023-12-13,21.0,71,4.9,13,Sunny
2023-12-14,20.4,67,0.0,14,Sunny
2023-12-15,20.2,76,2.1,10,Sunny
2023-12-16,20.1,65,3.2,20,Sunny
2023-12-17,22.4,68,5.9,9,Rainy
2023-12-18,22.4,76,7.1,13,Rainy
2023-12-19,19.8,80,8.9,16,Rainy
2023-12-20,21.9,69,0.0,15,Sunny
2023-12-21,21.6,70,4.1,17,Sunny
2023-12-22,19.4,74,8.5,12,Rainy
2023-12-23,21.1,65,0.0,9,Sunny
2023-12-24,21.7,69,0.0,9,Sunny
2023-12-25,19.3,65,0.0,15,Sunny
2023-12-26,22.6,60,0.3,17,Sunny
2023-12-27,21.6,61,0.5,9,Sunny
2023-12-28,22.0,63,0.9,18,Sunny
2023-12-29,21.8,72,3.0,21,Sunny
2023-12-30,21.1,68,0.0,17,Sunny
2023-12-31,21.2,60,3.6,13,Sunny
